name,category,start,end,success,USD raised,USD aimed,ROI rate,accepted currency,integrity,team,vision,product,marketing,community,risk,youtube channel,ICO video,video count,view count,subscriber count,critic video,website,whitepaper,facebook,twitter,follower,following,total tweet,ICO tweet,instagram,linkedin,reddit,github,github repositories,github repositories frequency,github commit,medium,bitcointalk,steemit,CEO,cofounder,CTO,event,youtube channel link
Midas Protocol,Trading,2018-05-15,2018-07-01,1,9019600,9000000,Normal, ,5,5,5,5,2,2,2,1,1,9,4451,118,349,1,1,1,1,2174,245,124,112,0,0,0,0,0,0.0,0,1,0,0, , , ,2,
Squeezer,Blockchain Service,2018-06-20,2018-06-30,1,14805000,15000000,Normal, ,5,5,5,5,2,2,2,1,1,7,52443,41,823,1,1,1,1,26240,6,76,9,0,0,0,1,14,0.027000000000000003,0,1,1,0, , , ,0,
Databroker DAO,Data Service,2018-04-26,2018-06-30,0,3544538,12300000,Normal, ,5,5,5,5,2,2,2,1,1,8,11795,2073,813,1,1,1,1,3783,2229,680,192,0,0,1,1,13,0.06,0,1,1,0, , , ,5,
Essentia,Protocol,2018-06-25,2018-06-29,1,25500000,25500000,Not rated, ,5,5,5,5,2,2,2,0,0,0,0,0,154981,1,1,1,1,18616,41,96,19,0,1,1,1,5,0.061,0,1,1,0, , , ,1,
INCX,Exchange,2018-06-11,2018-06-29,1,5131500,5100000,Normal, ,5,5,5,5,2,2,2,1,0,2,669,1936,147015,1,1,1,1,20805,8,79,64,0,1,1,0,0,0.0,0,1,0,0, , , ,0,
TraceTo,Verification,2018-06-08,2018-06-29,1,12478800,12500000,Normal, ,5,5,5,5,2,2,2,0,0,0,0,0,979,1,1,1,1,6881,118,241,110,0,1,0,1,0,0.0,0,1,1,0, , , ,16,
Elysian,E-commerce,2018-06-04,2018-06-26,1,7000000,7000000,Normal,ETH,5,5,5,5,2,2,2,1,1,17,190316,1360,3888,1,1,1,1,5581,392,268,103,0,1,1,1,0,0.0,0,1,1,1, , , ,1,
DAV Network,Blockchain Service,2018-06-11,2018-06-25,0,28508200,38000000,Normal, ,5,5,5,5,2,2,2,1,1,217,342777,5480,9757,1,1,1,1,4370,66,688,179,0,1,1,1,18,0.101,0,1,1,0, , , ,11,
GoNetwork,Blockchain Service,2018-06-11,2018-06-25,0,0,0,Not rated, ,5,5,5,5,2,2,2,1,1,1,27368,1545,6061,1,1,0,1,50191,66,72,4,0,1,0,1,14,0.033,0,1,1,0, , , ,0,
Metronome,Currency,2018-06-18,2018-06-25,0,0,0,Normal, ,5,5,5,5,2,2,2,0,0,0,0,0,22975,1,1,1,1,9962,51,287,35,0,1,1,1,15,0.2,0,1,0,0, , , ,3,
Multiversum,Blockchain,2018-05-01,2018-06-25,0,21721869,35000000,Normal, ,5,5,5,5,2,2,2,1,1,0,0,0,1879,1,1,1,1,2392,246,102,69,0,0,1,1,0,0.0,0,1,1,0, , , ,3,
Hashgard,Blockchain,2018-01-01,2018-06-01,0,0,0,Normal, ,5,5,5,5,2,2,2,0,0,0,0,0,191,1,1,1,1,4936,16,35,13,0,1,1,0,0,0.0,0,1,0,0, , , ,0,
AIRBLOC Protocol,Data Service,2018-06-15,2018-06-19,1,10427400,10400000,Normal, ,5,5,5,5,2,2,2,1,1,4,8284,30,301,1,1,1,1,1096,0,47,20,0,0,1,1,7,0.087,0,1,0,0, , , ,1,
OneLedger,Blockchain Service,2018-06-15,2018-06-16,1,15000015,15000000,Normal,ETH,5,5,5,5,2,2,2,0,0,0,0,0,2838,1,1,0,1,6042,0,68,6,0,1,1,1,3,0.022,0,1,0,0, , , ,0,
FANTOM,Blockchain,2018-06-15,2018-06-16,1,39653398,39400000,Very High, ,5,5,5,5,2,2,2,0,1,0,0,0,179730,1,1,1,1,7247,23,132,72,0,1,0,1,2,0.125,0,1,0,0, , , ,4,
Alchemint,Currency,2018-06-09,2018-06-12,1,30000000,30000000,Normal,"ETH, NEO",5,5,5,5,2,2,2,1,0,3,3004,185,6992,1,1,1,1,3746,83,215,24,0,1,1,0,0,0.0,0,0,0,0, , , ,0,
MoneyToken,Finance,2018-05-02,2018-06-07,1,36174400,41500000,Normal, ,0,0,0,0,2,2,2,1,1,9,168961,21472,7909,1,1,1,1,30943,176,99,64,0,0,0,1,0,0.0,0,1,1,0, , ,Alex Rass,12,
Atonomi,Blockchain Service,2018-06-06,2018-06-06,1,25000000,25000000,High, ,5,5,5,5,2,2,2,1,0,3,2598,151,1751,1,1,1,1,12650,1624,165,12,0,1,1,1,3,0.068,0,0,0,0, , , ,1,
Arweave,Data Service,2018-06-03,2018-06-06,1,8700000,8700000,Normal, ,5,5,5,5,2,2,2,1,1,9,6035,196,1044,1,1,1,1,3531,274,244,12,0,1,1,1,0,0.0,849,1,0,0, , , ,2,
HybridBlock,Trading,2018-05-23,2018-06-06,1,47830000,50000000,Normal,"ETH, BTC, NEO",5,5,5,5,2,2,2,1,1,19,9946,168,2253,1,1,1,1,4253,12,182,84,0,1,1,0,0,0.0,0,1,1,0, , , ,0,
Cool Cousin,Dapp,2018-05-15,2018-06-05,1,10008209,10400000,Low,ETH,0,0,0,0,2,2,2,1,1,14,75030,311,1425,1,1,1,1,10199,1696,855,61,0,1,1,1,0,0.0,0,1,1,0,Itay Nagler, ,Gil Azrielant,5,
QuarkChain,Blockchain,2018-06-02,2018-06-03,1,20000000,20000000,Very High, ,5,5,5,5,2,2,2,0,1,0,0,0,5534,1,1,1,1,21732,48,305,144,0,0,1,1,0,0.0,0,0,0,1, , , ,5,
Cardstack,Blockchain Service,2018-05-31,2018-06-01,1,35000000,35000000,Not rated, ,5,5,5,5,2,2,2,0,1,0,0,0,3575,1,1,0,1,5793,237,439,113,0,1,1,1,0,0.0,1943,1,1,0, , , ,4,
BitRewards,Marketing,2018-04-12,2018-06-01,0,6715741,15000000,Normal, ,5,5,5,5,2,2,2,1,1,33,283055,0,2870,1,1,1,1,19502,83,166,77,0,0,1,1,13,0.019,0,1,1,0, , , ,4,
Omnitude,Blockchain Service,2018-03-28,2018-06-01,0,7497400,25000000,Not rated, ,0,0,0,0,2,2,2,0,1,0,0,0,2691,1,1,1,1,14923,734,1456,89,0,1,1,1,0,0.0,0,1,1,0,Chris Painter, , ,3,
RightMesh,Mobile,2018-05-30,2018-05-31,1,30000000,30000000,Normal, ,5,5,5,5,2,2,2,1,1,70,13743,137,1534,1,1,1,1,27792,2639,804,112,0,1,1,1,19,0.098,0,1,0,0, , , ,9,
Bigbom,Advertising,2018-05-28,2018-05-30,1,6792000,6800000,Normal, ,5,5,5,5,2,2,2,1,1,16,917414,446,1075,1,1,1,1,14004,5,162,58,0,0,0,1,4,0.045,0,1,0,0, , , ,0,
DCC,Finance,2018-05-28,2018-05-29,1,49000000,49000000,Normal, ,5,5,5,5,2,2,2,1,1,18,2525,33,3324,1,1,1,1,11701,984,613,119,0,0,1,1,0,0.0,273,1,0,0, , , ,4,
PCHAIN,Blockchain,2018-05-28,2018-05-28,1,26674000,26700000,High, ,5,5,5,5,2,2,2,0,1,0,0,0,2869,1,1,0,1,41291,181,81,29,0,0,0,1,0,0.0,0,1,0,0, , , ,1,
Phantasma Protocol,Blockchain,2018-05-27,2018-05-28,1,9650000,9700000,High, ,5,5,5,5,2,2,2,0,0,0,0,0,1091,1,1,0,1,6587,30,105,46,0,1,1,1,0,0.0,0,1,0,0, , , ,1,
CarBlock,Real Business, ,2018-05-28,1,22920000,22900000,Normal, ,5,5,5,5,2,2,2,1,1,3,1000,24,146,1,1,1,1,1962,17,23,3,0,1,0,1,18,0.009000000000000001,0,1,1,0, , , ,0,
Insureum,Insurance, ,2018-05-28,1,20000000,20000000,Normal, ,5,5,5,5,2,2,2,1,1,10,1005,56,100,1,1,1,1,2088,1147,222,30,0,0,0,1,0,0.0,13,0,1,0, , , ,2,
Sentinel Protocol,Security,2018-05-27,2018-05-27,1,27700000,27700000,Normal, ,5,5,5,5,2,2,2,0,0,0,0,0,14712,1,1,1,1,4373,52,148,29,0,0,1,0,0,0.0,0,1,0,0, , , ,1,
LemoChain,Data Service,2018-05-27,2018-05-27,1,6295404,6300000,Normal, ,5,5,5,5,2,2,2,1,1,3,571,4,208,1,1,1,1,5313,41,59,14,0,0,1,1,12,0.099,0,1,0,0, , , ,0,
Egretia,Blockchain,2018-05-26,2018-05-26,1,23650450,23700000,Normal, ,5,5,5,5,2,2,2,0,0,0,0,0,1999,1,1,1,1,13079,14,137,57,0,1,1,1,4,0.044,0,1,1,0, , , ,4,
EdenChain,Blockchain,2018-05-24,2018-05-25,1,24000000,24000000,Normal,Token Issue: June 2018,5,5,5,5,2,2,2,0,1,0,0,0,2316,1,1,1,1,10575,3,101,23,0,1,1,0,0,0.0,0,1,0,0, , , ,3,
MVL Chain,Blockchain Service,2018-05-15,2018-05-24,0,9971500,20700000,Normal, ,5,5,5,5,2,2,2,1,1,8,4202,35,239,1,1,1,1,1551,836,272,80,0,1,0,0,0,0.0,0,1,1,0, , , ,5,
Blue Whale,Blockchain Service,2018-05-24,2018-05-24,1,22700000,22700000,Normal, ,5,5,5,5,2,2,2,1,0,16,2953,387,2256,1,1,1,1,3697,206,169,49,0,1,1,0,0,0.0,0,1,1,0, , , ,4,
Rate3 Network,Blockchain Service, ,2018-05-21,1,17500000,17500000,Normal, ,5,5,5,5,2,2,2,1,1,17,120606,25,122,1,1,0,1,13711,2630,403,48,0,0,1,1,6,0.085,0,1,1,0, , , ,4,
XYO Network,Blockchain Service,2018-03-20,2018-05-21,0,12000000,48000000,Normal, ,5,5,5,5,2,2,2,1,1,0,0,0,7317,1,1,1,1,7473,33,250,154,0,1,1,1,11,0.128,0,1,1,0, , , ,1,
ATN,Artificial Intelligence, ,2018-05-20,0,0,0,Normal, ,5,5,5,5,2,2,2,0,0,0,0,0,562,1,1,1,1,4605,178,522,59,0,1,1,1,20,0.066,0,0,0,1, , , ,2,
TTC Protocol,Protocol,2018-04-18,2018-05-18,1,19110000,21200000,Not rated, ,5,5,5,5,2,2,2,0,0,0,0,0,218,1,1,1,1,21525,33,61,33,0,1,0,1,0,0.0,0,1,0,0, , , ,2,
Hero Node,Blockchain,2018-05-17,2018-05-17,1,21765720,21800000,Normal, ,5,5,5,5,2,2,2,0,0,0,0,0,1452,1,1,0,1,5835,69,139,41,0,1,1,1,17,0.03,0,1,0,0, , , ,1,
The Abyss (DAICO),Gaming,2018-04-18,2018-05-16,1,15352418,18000000,Normal, ,5,5,5,5,2,2,2,0,1,0,0,0,2328,1,1,1,1,17666,5,386,74,0,1,1,1,2,0.016,0,1,1,0, , , ,11,
VideoCoin,Blockchain Service,2018-01-01,2018-05-01,1,50000000,50000000,Normal, ,5,5,5,5,2,2,2,1,0,0,0,146,1191,1,1,1,1,2370,2082,295,87,0,1,1,0,0,0.0,0,1,1,0, , , ,6,
Academy,Blockchain Service,2018-03-15,2018-05-15,0,0,0,Low, ,5,5,5,5,2,2,2,0,1,0,0,0,128359,1,1,1,1,1597,32,502,177,0,1,0,0,0,0.0,0,1,0,0, , , ,1,
Orbs,Blockchain, ,2018-05-15,0,0,0,Normal, ,5,5,5,5,2,2,2,1,1,8,3911,64,3185,1,1,0,1,3355,17,368,1,0,1,1,1,24,0.14400000000000002,0,1,0,0, , , ,0,
Quant Network,Blockchain Service,2018-05-01,2018-05-12,0,0,0,Normal,ETH,5,5,5,5,2,2,2,1,1,8,7152,361,2051,1,1,1,1,4377,703,440,93,0,1,1,1,5,0.152,0,1,0,0, , , ,6,
Bezant,Payments,2018-05-03,2018-05-11,0,27500000,40000000,Normal, ,0,0,0,0,2,2,2,1,1,7,9015,121,453,1,1,1,1,1960,39,88,46,0,1,1,0,0,0.0,0,1,1,0,Chan Joon Kim, , ,9,
HYCON,Blockchain,2018-03-30,2018-05-10,1,22932600,22900000,Normal, ,5,5,5,5,2,2,2,1,1,26,18791,258,1748,1,1,1,1,3010,256,424,105,0,1,1,1,0,0.0,0,1,0,0, , , ,8,
Virtue Poker,Gambling,2018-04-25,2018-05-09,1,18548000,18500000,Normal, ,5,5,5,5,2,2,2,0,1,0,0,0,220,1,1,1,1,3127,64,74,30,0,1,0,0,0,0.0,0,0,0,0, , , ,0,
Eligma,Blockchain Service,2018-04-17,2018-05-08,0,11250740,24000000,Normal, ,5,5,5,5,2,2,2,1,1,16,248109,227,72244,1,1,1,1,8066,305,523,110,0,1,1,1,0,0.0,8,1,1,0, , , ,10,
DAOstack,Blockchain Service,2018-05-08,2018-05-08,1,30000000,30000000,Normal, ,5,5,5,5,2,2,2,1,1,0,0,0,1586,1,1,0,1,5719,84,471,1,0,0,1,1,10,0.062,0,1,1,0, , , ,0,
HOLD,Finance,2018-05-04,2018-05-07,1,11300000,11300000,Normal, ,5,5,5,5,2,2,2,0,0,0,0,0,535081,1,1,0,1,11117,43,80,48,0,1,0,0,0,0.0,0,1,0,0, , , ,0,
Grain,Smart Contract,2018-04-16,2018-05-07,0,11303218,14800000,Normal,ETH,5,5,5,5,2,2,2,1,1,11,20044,278,9951,1,1,1,1,5385,58,195,97,0,1,0,1,0,0.0,0,1,1,0, , , ,8,
Skrumble Network,Social Network,2018-05-05,2018-05-05,1,16472800,16500000,Normal, ,5,5,5,5,2,2,2,0,1,0,0,0,337,1,1,1,1,2027,1755,2375,1,0,1,0,1,14,0.028,0,0,0,0, , , ,0,
Libra Credit,Finance,2018-05-01,2018-05-05,1,26400000,26400000,Normal, ,5,5,5,5,2,2,2,0,0,0,0,0,2157,1,1,1,1,11583,99,142,38,0,1,1,1,7,0.135,0,1,1,0, , , ,4,
Merculet,Blockchain Service,2018-05-04,2018-05-04,1,28686240,28700000,Normal, ,5,5,5,5,2,2,2,0,1,0,0,0,3399,1,1,1,1,29035,5,146,58,0,1,1,1,4,0.078,0,1,1,0, , , ,6,
Project SHIVOM,Healthcare,2018-05-03,2018-05-03,1,35000000,35000000,Normal, ,5,5,5,5,2,2,2,1,1,0,0,0,799,1,1,1,1,46139,1383,391,77,0,1,1,0,0,0.0,0,1,1,0, , , ,2,
GoChain,Blockchain,2018-05-02,2018-05-03,1,13685000,13700000,High, ,5,5,5,5,2,2,2,0,0,0,0,0,2725,1,1,1,1,3518,90,467,1,0,1,1,1,17,0.126,0,1,1,0, , , ,0,
Unibright,Blockchain Service,2018-04-21,2018-05-02,1,13542375,13500000,Not rated, ,5,5,5,5,2,2,2,1,1,10,14730,1046,1579,1,1,1,1,5344,341,226,57,0,1,1,0,0,0.0,0,1,1,0, , , ,7,
Solve.Care,Healthcare,2018-03-31,2018-05-01,1,20000000,20000000,Normal, ,5,5,5,5,2,2,2,1,1,44,250511,206,121212,1,1,1,1,3556,2704,281,74,0,0,1,1,13,0.159,0,1,1,0, , , ,2,
Blockchain Terminal,Trading,2018-04-01,2018-05-01,0,21500000,51500000,Normal, ,5,5,5,5,2,2,2,1,1,0,0,0,5813,1,1,1,1,18200,42,197,126,0,0,1,0,0,0.0,0,1,0,0, , , ,7,
KodakOne,Blockchain Service, ,2018-05-01,0,0,0,Normal, ,5,5,5,5,2,2,2,1,0,5,3255,124,718,1,0,1,1,4226,32,94,11,0,1,0,0,0,0.0,0,1,0,0, , , ,0,
CloudMoolah,Gaming,2018-03-30,2018-04-30,1,12300000,15000000,Not rated,ETH,5,5,5,5,2,2,2,0,1,0,0,0,287,1,1,1,1,1317,196,212,81,0,0,1,0,0,0.0,0,1,1,0, , , ,3,
Mainframe,Blockchain Service,2018-03-01,2018-04-01,0,0,0,Normal, ,5,5,5,5,2,2,2,1,1,33,17612,344,16201,1,1,1,1,7928,13,1487,1,0,1,1,1,64,0.073,0,0,0,0, , , ,0,
DAEX,Blockchain,2018-04-28,2018-04-29,0,0,0,Normal, ,5,5,5,5,2,2,2,0,0,0,0,0,147,1,1,0,1,11855,89,90,30,0,0,0,0,0,0.0,0,0,0,0, , , ,3,
Holo,Cloud Storage,2018-03-29,2018-04-28,1,20388500,20400000,Normal, ,5,5,5,5,2,2,2,1,1,87,108948,1389,2150,1,1,1,1,5601,1474,753,113,0,0,1,1,39,0.229,0,0,1,0, , , ,4,
Morpheus Network,Payments,2018-03-22,2018-04-22,0,9883347,18000000,Normal, ,5,5,5,5,2,2,2,0,1,0,0,0,8085,1,1,1,0,0,0,0,0,0,1,1,0,0,0.0,0,1,1,0, , , ,0,
DML,Blockchain Service,2018-04-16,2018-04-22,0,10425492,17900000,Normal, ,5,5,5,5,2,2,2,1,1,6,11757,75,1304,1,1,1,1,2010,17,307,36,0,0,1,1,20,0.029,0,1,0,0, , , ,1,
Nebula AI,Blockchain,2018-04-02,2018-04-20,0,5874054,17700000,Not rated, ,5,5,5,5,2,2,2,1,1,10,8057,72,799,1,1,1,1,1652,27,201,96,0,1,0,1,4,0.033,0,0,1,0, , , ,6,
NKN,Blockchain,2018-04-19,2018-04-19,1,12600000,12600000,High, ,5,5,5,5,2,2,2,0,0,0,0,0,440040,1,1,0,1,6992,142,234,29,0,1,1,1,7,0.069,0,1,1,0, , , ,1,
Lendingblock,Finance,2018-04-15,2018-04-18,1,10000000,10000000,Normal, ,5,5,5,5,2,2,2,1,1,12,17180,157,1042,1,1,1,1,6193,4467,352,100,0,1,1,1,9,0.073,0,0,1,0, , , ,3,
Auctus,Finance,2018-03-27,2018-04-17,1,3865575,3900000,Normal, ,5,5,5,5,2,2,2,0,1,0,0,0,1140,1,1,1,1,9915,432,536,104,0,1,1,1,6,0.034,0,1,0,0, , , ,11,
Open Platform,Blockchain Service, ,2018-04-17,1,18000000,18000000,Normal, ,5,5,5,5,2,2,2,1,1,6,18198,3644,205873,1,1,1,1,36547,3,881,61,0,1,1,0,0,0.0,0,0,1,0, , , ,0,
Block Collider,Blockchain Service,2018-04-13,2018-04-16,1,7012829,7000000,High, ,5,5,5,5,2,2,2,0,1,0,0,0,891,1,1,1,1,4083,0,123,22,0,1,1,1,3,0.017,0,0,0,0, , , ,1,
Repux,Data Service,2018-03-06,2018-04-07,0,4700000,33100000,Normal, ,5,5,5,5,2,2,2,1,1,8,618699,1007,1654,1,1,1,1,3019,77,234,59,0,1,1,1,0,0.0,1,1,1,0, , , ,3,
Coinvest,Trading,2018-03-09,2018-04-06,0,5300000,30000000,Not rated, ,5,5,5,5,2,2,2,1,0,9,5861,1024,2025,1,1,1,1,5586,2472,531,1,0,1,0,1,0,0.0,0,1,1,0, , , ,0,
BitGuild,Gaming,2018-03-16,2018-04-06,1,13408025,16700000,Not rated, ,5,5,5,5,2,2,2,1,0,5,1073584,0,5442,1,1,1,1,13804,445,328,1,0,1,1,0,0,0.0,0,1,1,0, , , ,0,
Thrive,Advertising,2018-03-10,2018-04-05,1,26031250,30600000,Normal,"ETH, BTC, LTC",5,5,5,5,2,2,2,1,1,8,34060,64,16166,1,1,1,1,8494,1336,145,39,0,1,0,1,0,0.0,0,1,1,0, , , ,0,
Chainium,Trading,2018-03-28,2018-04-04,0,3434946,5500000,Not rated, ,5,5,5,5,2,2,2,1,1,0,0,0,572,1,1,1,1,12561,249,631,1,0,1,0,1,6,0.027000000000000003,0,1,1,0, , , ,0,
Seele,Blockchain,2018-04-03,2018-04-03,1,12133800,12100000,Not rated, ,5,5,5,5,2,2,2,0,0,0,0,0,17341,1,1,1,1,14442,45,185,21,0,1,1,1,13,0.085,0,1,1,0, , , ,1,
Nexo,Banking,2018-03-06,2018-04-01,1,52500000,52500000,Normal, ,5,5,5,5,2,2,2,1,1,5,234782,612,19425,1,1,1,1,38286,377,230,1,0,1,0,0,0,0.0,0,1,0,0, , , ,0,
Faceter,Verification,2018-02-15,2018-03-30,0,28610352,40800000,Normal, ,5,5,5,5,2,2,2,1,1,25,45899,1619,2949,1,1,1,1,3691,312,250,131,0,1,1,1,6,0.019,0,1,1,0, , , ,10,
Narrative network,Social Network,2018-02-20,2018-03-29,0,14642183,22800000,Normal,NEO,5,5,5,5,2,2,2,0,0,0,0,0,436,1,1,0,1,3034,1408,541,1,0,1,0,0,0,0.0,0,0,1,0, , , ,0,
Effect.ai,Artificial Intelligence,2018-03-24,2018-03-28,0,13591090,18400000,Normal, ,5,5,5,5,2,2,2,1,1,38,241119,1117,376520,1,1,1,1,11074,176,382,1,0,1,1,1,6,0.052000000000000005,0,1,1,0, , , ,0,
Consensus,Artificial Intelligence, ,2018-03-28,0,0,0,Normal, ,5,5,5,5,2,2,2,0,0,0,0,0,145619,1,1,1,1,30853,105,124,2,0,1,1,0,0,0.0,0,1,1,0, , , ,0,
Loki,Currency,2018-03-01,2018-03-26,0,0,0,Normal, ,5,5,5,5,2,2,2,1,0,8,7458,268,10155,1,1,0,1,3392,110,241,21,0,1,1,1,7,0.35,0,0,1,0, , , ,0,
Cappasity,Marketplace,2018-02-22,2018-03-23,0,5100000,20000000,Normal, ,5,5,5,5,2,2,2,1,1,146,248761,1371,1870,1,1,1,1,8981,276,2250,1,0,1,1,1,4,0.019,0,0,1,0, , , ,0,
Celsius,Finance,2018-03-16,2018-03-22,1,50000000,50000000,Normal, ,5,5,5,5,2,2,2,1,1,56,268423,418,6651,1,1,1,1,16250,15428,651,1,0,1,1,0,0,0.0,0,1,1,0, , , ,0,
PolySwarm,Security,2018-02-20,2018-03-22,0,25930000,50000000,Normal, ,5,5,5,5,2,2,2,1,1,23,328380,443,1877,1,1,1,1,4437,97,940,1,0,1,0,1,26,0.104,0,1,1,0, , , ,0,
Viewly,Blockchain Service,2018-02-20,2018-03-22,1,12000000,12000000,Normal, ,5,5,5,5,2,2,2,0,0,0,0,0,883,1,0,1,1,1306,173,190,63,0,1,0,1,8,0.03,0,1,0,0, , , ,5,
Friendz,Marketing,2018-03-01,2018-03-21,0,18118800,50300000,Not rated, ,5,5,5,5,2,2,2,0,1,0,0,0,16433,1,1,1,1,55466,184,234,124,0,1,1,0,0,0.0,0,1,1,0, , , ,11,
Sapien Network,Social Network,2018-03-21,2018-03-21,0,11740619,30000000,Low, ,5,5,5,5,2,2,2,0,1,0,0,0,3963,1,1,1,1,8969,0,250,28,0,1,1,1,6,0.023,0,0,1,0, , , ,2,
Valid,Verification,2018-02-24,2018-03-17,0,10730000,25000000,Not rated,"ETH, BTC, USD",5,5,5,5,2,2,2,1,1,3,7019,50,10381,1,1,1,1,1399,191,352,118,0,1,1,1,11,0.068,0,0,1,0, , , ,16,
Switcheo Network,Exchange,2018-03-16,2018-03-17,1,8700000,8700000,Normal, ,5,5,5,5,2,2,2,0,0,0,0,0,48178,1,1,0,1,9437,44,186,16,0,1,1,1,0,0.0,130,1,0,0, , , ,2,
Socialmedia.market,Marketing,2018-02-09,2018-03-16,1,8462740,9700000,Normal, ,5,5,5,5,2,2,2,1,1,20,590630,0,361783,1,1,0,1,0,0,0,0,0,1,1,1,3,0.049,0,1,1,0, , , ,0,
Dragon,Currency,2018-02-15,2018-03-15,0,320000000,407500000,Normal, ,5,5,5,5,2,2,2,1,1,25,350864,431,164669,1,1,1,1,7796,330,898,1,0,1,1,0,0,0.0,0,1,1,0, , , ,0,
SyncFab,Blockchain Service,2018-02-15,2018-03-15,0,9155717,19700000,Normal, ,5,5,5,5,2,2,2,1,1,0,0,0,2462,1,1,1,1,8393,3678,944,55,0,1,1,1,1,0.0,0,1,1,0, , , ,6,
Endor,Hybrid Intellingence,2018-02-19,2018-03-14,1,45000000,45000000,Normal, ,5,5,5,5,2,2,2,1,1,19,36710,151,2994,1,1,1,1,0,0,0,0,0,1,1,1,5,0.028,0,1,0,0, , , ,0,
YGGDRASH,Blockchain,2018-03-12,2018-03-13,1,40000000,40000000,Not rated, ,5,5,5,5,2,2,2,0,1,0,0,0,2101,1,1,1,1,6511,17,96,29,0,1,1,1,6,0.055,0,1,1,0, , , ,1,
Ocean Protocol,Blockchain Service,2018-03-07,2018-03-09,1,22100000,22100000,High, ,5,5,5,5,2,2,2,1,1,12,27614,591,1536,1,1,0,1,10325,139,699,1,0,1,1,1,7,0.055,0,0,0,0, , , ,0,
Sentinel Chain,Marketplace,2018-03-06,2018-03-09,1,14400000,14400000,Normal, ,0,0,0,0,2,2,2,1,1,7,21538,131,1686,1,1,0,1,4083,1126,423,1,0,1,1,1,0,0.0,0,1,1,0,Roy Lai, , ,0,
JET8,Marketing,2018-02-28,2018-03-06,1,32700000,36000000,Normal, ,5,5,5,5,2,2,2,1,1,18,599239,129,716,1,1,0,1,2110,138,313,116,0,1,1,1,2,0.077,0,1,0,0, , , ,2,
DATx,Advertising, ,2018-03-06,1,44150000,44200000,Normal, ,5,5,5,5,2,2,2,0,0,0,0,0,1373,1,1,1,1,47825,29,178,52,0,0,1,1,0,0.0,0,1,1,0, , , ,0,
Zebi,Blockchain Service,2018-03-05,2018-03-05,1,8561100,8600000,Not rated, ,5,5,5,5,2,2,2,1,1,6,8394,212,20951,1,1,1,1,17148,79,371,1,0,0,1,1,0,0.0,7,1,0,0, , , ,0,
IP Exchange,Marketplace,2018-02-28,2018-03-05,1,7904319,9300000,Normal, ,5,5,5,5,2,2,2,1,1,1,5212,590,4401,1,1,1,1,2820,31,75,16,0,0,1,0,0,0.0,0,1,1,0, , , ,2,
PolicyPal Network,Insurance,2018-03-03,2018-03-04,1,20482240,20200000,Normal, ,5,5,5,5,2,2,2,0,0,0,0,0,230,1,1,0,1,10410,351,365,1,0,1,1,1,0,0.0,0,1,1,0, , , ,0,
Cortex,Artificial Intelligence,2018-02-07,2018-03-02,1,34870400,34900000,Normal, ,5,5,5,5,2,2,2,0,0,0,0,0,6136,1,1,1,1,9702,76,137,1,0,1,1,1,22,0.068,0,1,0,0, , , ,0,
TomoCoin,Blockchain,2018-03-01,2018-03-02,1,8575000,8500000,Normal, ,5,5,5,5,2,2,2,1,1,10,23830,161,985,1,1,1,1,9333,29,154,25,0,0,0,0,0,0.0,0,1,1,0, , , ,2,
MAD Network,Advertising,2018-02-28,2018-03-01,1,25000000,25000000,Normal, ,5,5,5,5,2,2,2,0,0,0,0,0,1764,1,1,1,1,4119,150,304,28,0,1,1,0,0,0.0,0,0,1,0, , , ,1,
Rentberry,Real Estate,2017-12-05,2018-03-01,1,27500000,30000000,Normal, ,5,5,5,5,2,2,2,1,1,26,4518,0,4593,1,1,1,1,16322,4308,609,126,0,0,1,1,6,0.032,0,0,1,0, , , ,2,
Bankera,Banking,2017-11-27,2018-03-01,0,150949194,215900000,Not rated, ,5,5,5,5,2,2,2,0,1,0,0,0,57794,1,1,1,1,25609,502,2354,1,0,0,0,0,0,0.0,0,1,1,0, , , ,0,
Crowd Genie,Finance,2017-12-25,2018-03-01,1,5550000,5000000,Normal, ,5,5,5,5,2,2,2,1,1,0,0,0,1456,1,1,1,0,0,0,0,0,0,0,0,1,0,0.0,3,1,1,0, , , ,0,
Ignite Ratings,Trading,2018-01-15,2018-02-28,0,3003777,8700000,Normal, ,5,5,5,5,2,2,2,1,1,24,9855,274,265,1,1,1,1,14083,69,710,41,0,1,0,1,0,0.0,15,1,0,0, , , ,1,
FintruX,Finance,2018-02-07,2018-02-28,1,24714054,25000000,Normal, ,5,5,5,5,2,2,2,1,1,4,7284,0,866,1,1,1,1,3639,928,316,61,0,0,1,1,4,0.023,0,1,0,0, , , ,8,
Bridge Protocol,Verification,2018-02-22,2018-02-28,0,0,0,Normal,NEO,5,5,5,5,2,2,2,1,1,4,3993,60,5982,1,1,1,1,6758,189,691,1,0,1,1,0,0,0.0,0,0,1,0, , , ,0,
AdHive,Advertising,2018-02-28,2018-02-28,1,17491749,17500000,Normal, ,5,5,5,5,2,2,2,1,1,15,221326,316,2084,1,1,1,1,5386,970,462,8,0,1,1,1,0,0.0,0,1,1,0, , , ,0,
HERO Token,Finance,2018-02-01,2018-02-28,0,36416517,173900000,Normal, ,5,5,5,5,2,2,2,1,1,11,257081,0,30631,1,1,1,1,2346,1,658,173,0,0,1,0,0,0.0,0,1,1,0, , , ,0,
NaPoleonX,Trading,2018-01-22,2018-02-28,0,13951976,18300000,Normal, ,5,5,5,5,2,2,2,1,1,44,178040,482,899,1,0,1,1,6043,2779,2430,2,0,1,1,1,0,0.0,0,1,1,0, , , ,0,
Lympo,Healthcare,2018-02-17,2018-02-28,1,16857899,12700000,Normal, ,5,5,5,5,2,2,2,1,1,0,0,0,3214,1,1,1,1,7863,2054,441,1,0,1,1,1,0,0.0,0,1,1,0, , , ,0,
Havven,Currency,2018-02-26,2018-02-28,1,30000000,30000000,Normal, ,5,5,5,5,2,2,2,0,0,0,0,0,7623,1,1,1,1,11244,46,328,28,0,1,1,1,0,0.0,1088,0,1,0, , , ,3,
Huobi token,Exchange,2018-01-24,2018-02-28,1,300000000,300000000,High, ,5,5,5,5,2,2,2,1,0,0,0,0,24236,1,1,1,1,71653,331,2553,1,0,0,0,0,0,0.0,0,1,0,0, , , ,0,
Banca,Finance,2018-02-26,2018-02-26,1,20000000,20000000,Normal, ,5,5,5,5,2,2,2,0,0,0,0,0,7926,1,1,0,1,7666,178,150,20,0,1,1,1,0,0.0,0,0,1,0, , , ,1,
Debitum Network,Finance,2018-01-25,2018-02-25,1,17200000,17200000,Not rated, ,5,5,5,5,2,2,2,1,1,28,195313,1099,4376,1,1,1,1,8159,348,340,69,0,1,1,1,7,0.026,0,1,1,0, , , ,1,
Electrify.Asia,Energy,2018-02-23,2018-02-24,1,29102830,30000000,Not rated, ,5,5,5,5,2,2,2,1,1,0,0,0,3827,1,1,1,1,6081,570,430,6,0,1,0,1,0,0.0,0,0,0,0, , , ,0,
TE-FOOD,Blockchain Service,2018-02-22,2018-02-22,1,19089273,19100000,Normal, ,5,5,5,5,2,2,2,1,1,46,33920,242,10003,1,1,1,1,10951,129,375,42,0,1,1,0,0,0.0,0,1,1,0, , , ,0,
BABB,Finance,2018-02-06,2018-02-21,1,20000000,20000000,Normal, ,5,5,5,5,2,2,2,1,1,0,0,0,29385,1,1,1,1,11102,660,1214,1,0,1,0,0,0,0.0,0,1,0,0, , , ,0,
dock.io,Data Service,2018-02-21,2018-02-21,1,20140818,20000000,Normal, ,5,5,5,5,2,2,2,0,0,0,0,0,16767,1,1,1,1,6,0,1,1,0,1,1,1,0,0.0,0,1,1,0, , , ,0,
Lendroid,Trading,2018-02-19,2018-02-20,1,47500000,47500000,Normal, ,5,5,5,5,2,2,2,0,0,0,0,0,316,1,1,0,1,11435,19,114,16,0,1,0,1,0,0.0,47,0,0,0, , , ,0,
CLN,Payments,2018-02-14,2018-02-18,0,22895000,50000000,Normal, ,5,5,5,5,2,2,2,1,1,25,117049,708,225,1,1,1,1,3917,355,750,58,0,1,0,1,0,0.0,319,1,1,0, , , ,1,
CREDITS,Blockchain,2018-02-18,2018-02-18,1,22570394,20000000,High, ,5,5,5,5,2,2,2,1,0,0,0,0,140626,1,1,1,1,56824,150,1031,1,0,1,1,1,21,0.204,0,1,1,0, , , ,0,
0chain,Blockchain,2018-02-07,2018-02-17,1,39000000,39000000,Not rated, ,5,5,5,5,2,2,2,1,1,9,181645,265,574709,1,1,1,1,37341,0,94,13,0,1,1,1,1,0.0,0,1,0,0, , , ,0,
Gems,Blockchain Service, ,2018-02-16,0,0,0,Not rated, ,5,5,5,5,2,2,2,1,0,1,51121,317,81711,1,1,0,1,19496,8,171,7,0,1,0,0,0,0.0,0,0,0,0, , , ,0,
REMME,Security,2018-02-13,2018-02-15,1,17544101,17500000,Not rated, ,5,5,5,5,2,2,2,1,1,6,669819,516,4099,1,1,1,1,6558,561,560,1,0,1,1,1,9,0.039,0,1,0,0, , , ,0,
Winding Tree,Marketplace,2018-02-01,2018-02-15,1,14418196,10000000,Normal,ETH,5,5,5,5,2,2,2,1,1,0,0,0,658,1,1,0,1,5001,489,745,1,0,1,1,1,26,0.063,0,0,1,0, , , ,0,
IoTeX,Blockchain,2018-01-01,2018-02-01,0,0,0,Not rated, ,5,5,5,5,2,2,2,1,0,8,21676,1646,2154,1,1,0,1,13021,70,366,1,0,1,1,1,0,0.0,372,1,0,0, , , ,0,
Telegram ICO (TON),Blockchain,2017-10-15,2018-02-15,0,0,0,Normal, ,5,5,5,5,2,2,2,0,1,0,0,0,23848,0,1,0,0,0,0,0,0,0,0,0,0,0,0.0,0,0,0,0, , , ,0,
FundRequest,Blockchain Service,2018-02-12,2018-02-14,1,12121040,15000000,Normal, ,5,5,5,5,2,2,2,1,1,4,5921,21,1491,1,1,1,1,13144,118,735,1,0,1,1,1,33,0.127,0,0,1,0, , , ,0,
EBCoin,Currency,2018-01-16,2018-02-13,0,8515810,25300000,Normal, ,5,5,5,5,2,2,2,1,1,9,48138,46,304,1,1,1,1,19564,64,203,109,0,1,0,1,0,0.0,0,1,1,0, , , ,4,
EximChain,Blockchain Service, ,2018-02-13,1,20000000,20000000,Normal, ,5,5,5,5,2,2,2,0,0,0,0,0,640,1,1,1,1,5421,139,188,1,0,1,1,1,20,0.022,0,1,1,0, , , ,0,
Fusion,Blockchain,2018-02-01,2018-02-11,1,42185216,42200000,High, ,5,5,5,5,2,2,2,0,1,0,0,0,54272,1,1,1,1,8493,76,167,40,0,1,1,1,0,0.0,0,1,1,0, , , ,2,
Globitex,Exchange,2018-02-10,2018-02-11,1,12270000,12300000,Normal, ,5,5,5,5,2,2,2,1,1,8,37276,164,1448,1,1,1,1,5430,2211,393,54,0,0,1,0,0,0.0,0,1,0,0, , , ,5,
COPYTRACK,Blockchain Service,2018-01-10,2018-02-10,0,11087368,62900000,Normal, ,5,5,5,5,2,2,2,0,1,0,0,0,1101,1,1,1,1,9819,454,373,68,0,0,1,0,0,0.0,0,1,1,0, , , ,2,
Dether,Payments,2018-02-07,2018-02-09,1,13444650,13400000,Not rated, ,5,5,5,5,2,2,2,1,1,17,28508,85,1632,1,1,1,1,8267,188,458,49,0,0,1,1,9,0.042,0,1,1,0, , , ,1,
Insights Network,Blockchain Service,2018-02-05,2018-02-09,1,17376260,17400000,Normal, ,5,5,5,5,2,2,2,0,0,0,0,0,46887,1,1,0,1,6039,89,199,37,0,1,1,1,2,0.154,0,1,0,0, , , ,0,
GBX,Exchange,2018-02-07,2018-02-08,1,27000000,27000000,Normal, ,5,5,5,5,2,2,2,1,1,31,12674,372,3367,1,1,1,1,6763,59,499,1,0,0,1,0,0,0.0,0,1,1,0, , , ,0,
Refereum,Gaming, ,2018-02-08,1,32252400,32300000,High, ,5,5,5,5,2,2,2,0,1,0,0,0,11943,1,1,1,1,55084,336,949,1,0,0,1,0,0,0.0,0,1,0,0, , , ,0,
Current,Media, ,2018-02-07,1,36000000,36000000,Not rated, ,5,5,5,5,2,2,2,1,1,4,30378,984,330920,1,1,1,1,8251,621,180,43,0,0,1,1,18,0.013,0,1,0,0, , , ,2,
Datawallet,Blockchain Service,2018-02-05,2018-02-06,1,39436870,40000000,Normal, ,5,5,5,5,2,2,2,0,0,0,0,0,1044,1,1,0,1,6484,42,399,14,0,1,1,1,9,0.012,0,1,1,0, , , ,0,
ArcBlock,Blockchain Service,2018-02-04,2018-02-04,1,45000000,45000000,High, ,5,5,5,5,2,2,2,0,0,0,0,0,8103,1,1,1,1,36948,22,271,58,0,0,1,1,6,0.005,0,1,1,0, , , ,3,
Republic Protocol,Trading,2018-02-03,2018-02-03,1,34299022,34400000,Normal, ,5,5,5,5,2,2,2,0,0,0,0,0,953,1,1,0,1,4035,70,42,3,0,1,1,1,8,0.058,0,1,0,0, , , ,0,
The Bee Token,Real Estate,2018-01-31,2018-02-02,1,15000000,15000000,Normal, ,5,5,5,5,2,2,2,0,1,0,0,0,25454,1,1,1,1,35851,1707,787,96,0,1,1,1,2,0.054000000000000006,0,1,1,0, , , ,0,
FuzeX,Card, ,2018-02-02,1,36241600,36200000,Normal, ,5,5,5,5,2,2,2,1,1,13,204835,430,1989,1,1,1,1,5300,9,124,30,0,1,1,1,2,0.022,0,1,1,0, , , ,0,
MedicalChain,Healthcare,2018-02-01,2018-02-01,1,23991953,24000000,High, ,5,5,5,5,2,2,2,1,1,19,138247,654,4109,1,1,1,1,15857,162,643,1,0,1,1,1,2,0.062,0,0,1,0, , , ,0,
WePower,Energy,2018-02-01,2018-02-01,1,40000000,40000000,High, ,5,5,5,5,2,2,2,1,1,85,338845,4813,18692,1,1,1,1,36254,2107,2459,1,0,0,0,1,2,0.667,0,1,1,0, , , ,0,
iungo,Mobile,2017-12-07,2018-02-01,1,45978800,46000000,Normal, ,5,5,5,5,2,2,2,1,1,28,76965,657,2946,1,1,1,1,5024,640,454,11,0,0,1,1,0,0.0,0,1,1,0, , , ,0,
CrowdWiz,Trading,2017-11-20,2018-01-31,0,7234387,20000000,Normal,"ETH, BTC, LTC",5,5,5,5,2,2,2,1,1,0,0,0,510,1,1,1,1,5501,1120,345,119,0,0,1,1,1,0.0,0,1,1,1, , , ,3,
AMLT,Blockchain Service,2017-12-12,2018-01-30,1,19042042,16000000,Not rated, ,5,5,5,5,2,2,2,1,1,41,48933,257,387,1,1,1,1,6489,11,1919,1,0,1,1,0,0,0.0,0,0,1,0, , , ,0,
dadi,Cloud Storage,2018-01-29,2018-01-29,1,29000000,29000000,Normal, ,5,5,5,5,2,2,2,0,1,0,0,0,21701,1,1,0,1,34016,262,1735,1,0,1,1,1,45,0.145,0,1,1,0, , , ,0,
Storiqa,Marketplace,2017-11-28,2018-01-29,1,25000000,25000000,Normal, ,5,5,5,5,2,2,2,1,1,19,5426284,2439,11702,1,1,1,1,13544,32,265,58,0,1,1,1,1,0.0,0,1,1,0, , , ,7,
APEX,Blockchain Service,2018-01-29,2018-01-29,1,25000000,25000000,Normal, ,5,5,5,5,2,2,2,0,1,0,0,0,28879,1,1,0,1,17040,59,372,82,0,1,0,0,0,0.0,0,0,0,0, , , ,1,
LiveEdu,Blockchain Service,2018-01-15,2018-01-28,1,10000000,10000000,Normal, ,5,5,5,5,2,2,2,1,1,291,361228,2821,1999,1,1,1,1,9423,6133,55650,1,0,0,0,1,0,0.0,9,1,1,0, , , ,0,
Sharpe Capital,Trading,2017-11-06,2018-01-28,1,7422000,7400000,Normal, ,5,5,5,5,2,2,2,1,1,0,0,0,669,1,1,1,1,2912,1678,186,25,0,1,1,1,4,0.016,0,1,1,0, , , ,0,
Nucleus.Vision,Blockchain Service, ,2018-01-28,1,40000000,40000000,Normal, ,5,5,5,5,2,2,2,1,1,20,130119,2716,64716,1,1,1,1,63924,25,1247,1,0,1,1,1,4,0.027000000000000003,0,1,1,0, , , ,0,
Experty,Blockchain Service, ,2018-01-26,1,9468000,9500000,Normal, ,5,5,5,5,2,2,2,1,1,52,48182,460,399785,1,1,0,1,15606,258,1140,1,0,1,0,1,12,0.045,0,1,1,0, , , ,0,
CPChain,IOT, ,2018-01-24,1,30000000,30000000,Normal, ,5,5,5,5,2,2,2,0,1,0,0,0,683,1,1,0,1,7194,27,84,1,0,0,0,0,0,0.0,0,0,0,0, , , ,0,
Restart Energy,Energy,2018-01-23,2018-01-23,1,30000000,30000000,Normal, ,5,5,5,5,2,2,2,1,1,11,45551,1615,5399,1,1,1,1,10646,189,247,4,0,1,1,0,0,0.0,0,0,1,0, , , ,1,
Odyssey,Blockchain Service, ,2018-01-23,1,50000000,47600000,Normal, ,5,5,5,5,2,2,2,1,0,2,6490,596,38143,1,1,0,1,903,20,416,145,0,0,1,1,0,0.0,0,1,0,0, , , ,2,
Elastos,Blockchain,2018-01-02,2018-01-23,1,94073200,94100000,Normal, ,5,5,5,5,2,2,2,1,1,49,71061,1010,17450,1,1,1,1,23958,19,356,1,0,1,1,1,31,0.248,0,1,0,0, , , ,0,
Ink Protocol,Blockchain Service,2018-01-22,2018-01-22,1,15000000,15000000,Not rated, ,5,5,5,5,2,2,2,0,0,0,0,0,827,1,1,0,1,4940,51,167,22,0,1,0,0,0,0.0,0,1,0,0, , , ,1,
Pundi X,Blockchain Service,2018-01-21,2018-01-21,1,35000000,35000000,Normal, ,5,5,5,5,2,2,2,1,1,20,72006,1239,16732,1,1,1,1,33150,152,1019,1,0,1,0,1,0,0.0,0,1,1,0, , , ,0,
FORTUNA,Trading,2018-01-21,2018-01-21,1,2000000,2000000,Normal, ,5,5,5,5,2,2,2,0,0,0,0,0,2566,1,1,1,1,6180,27,273,1,0,1,1,0,0,0.0,0,1,1,0, , , ,0,
DATA,Advertising, ,2018-01-21,1,37988300,38000000,Normal, ,5,5,5,5,2,2,2,1,0,4,715,94,684257,1,1,1,1,67738,272,270,1,0,1,1,1,1,0.0,0,1,0,0, , , ,0,
Bluzelle,Data Service,2018-01-18,2018-01-20,1,19500000,19500000,Normal, ,5,5,5,5,2,2,2,1,1,38,69052,313,3034,1,1,0,1,33849,3923,2014,1,0,1,1,1,0,0.0,286,0,1,0, , , ,0,
Devery,Verification,2018-01-18,2018-01-19,1,10000000,10000000,Normal, ,5,5,5,5,2,2,2,0,0,0,0,0,4936,1,1,0,1,2935,63,41,2,0,1,1,1,7,0.038,0,1,0,0, , , ,0,
Mobius,Blockchain Service,2018-01-18,2018-01-19,1,39000000,39000000,Normal, ,5,5,5,5,2,2,2,0,0,0,0,0,8469,1,1,1,1,10221,51,512,1,0,1,1,1,13,0.056,0,1,0,0, , , ,0,
Zeepin,Blockchain Service,2018-01-18,2018-01-18,1,62580000,62600000,Normal, ,5,5,5,5,2,2,2,1,1,11,57329,356,9141,1,1,1,1,44591,259,222,42,0,1,1,0,0,0.0,0,1,0,0, , , ,7,
OriginTrail,Blockchain Service,2018-01-15,2018-01-17,1,21513600,21500000,Not rated, ,5,5,5,5,2,2,2,0,1,0,0,0,2267,1,1,1,1,12321,533,855,1,0,1,1,1,10,0.047,0,1,1,0, , , ,0,
MatrixChain,Blockchain,2018-01-17,2018-01-17,1,12592104,12600000,Normal, ,5,5,5,5,2,2,2,1,1,1,9081,113,340,1,1,1,1,16079,105,465,1,0,0,1,1,25,0.065,0,0,1,0, , , ,0,
Envion,Mining,2017-12-15,2018-01-17,0,100000000,150000000,Low, ,5,5,5,5,2,2,2,0,1,0,0,0,10490,1,1,1,1,21301,482,1834,1,0,1,1,1,1,0.0,0,1,1,0, , , ,0,
InsurePal,Blockchain Service,2018-01-16,2018-01-16,1,18000000,18000000,Normal, ,5,5,5,5,2,2,2,1,1,9,51291,230,629,1,1,1,1,6438,1034,505,1,0,0,0,1,0,0.0,0,1,1,0, , , ,0,
AidCoin,Marketplace,2018-01-16,2018-01-16,1,18632900,18600000,Not rated, ,5,5,5,5,2,2,2,0,1,0,0,0,428,1,1,1,1,3033,102,158,22,0,1,1,1,0,0.0,4,1,1,0, , , ,5,
Boon.Tech,Marketplace,2017-12-15,2018-01-16,0,5000000,10000000,Normal, ,5,5,5,5,2,2,2,1,1,0,0,0,3240,1,1,1,1,12454,1021,1548,1,0,0,0,1,0,0.0,0,0,1,0, , , ,0,
PARETO,Media,2017-12-01,2018-01-16,0,0,0,Normal, ,5,5,5,5,2,2,2,1,0,71,23818,301,3196,1,1,1,0,0,0,0,0,0,1,1,1,8,0.032,0,0,1,0, , , ,0,
carVertical,Blockchain Service,2017-12-24,2018-01-16,1,19911150,19900000,Not rated, ,5,5,5,5,2,2,2,1,1,21,79340,987,4709,1,0,1,1,13768,72,179,69,0,0,0,0,0,0.0,0,0,1,0, , , ,1,
Thekey.vip,Verification,2018-01-15,2018-01-15,1,22000000,22000000,High, ,5,5,5,5,2,2,2,1,0,9,8101,161,118577,1,1,1,1,30871,51,325,6,0,1,1,1,0,0.0,0,1,0,0, , , ,0,
Trinity,Blockchain Service,2018-01-14,2018-01-14,1,20000000,20000000,Normal, ,5,5,5,5,2,2,2,1,1,2,17842,96,58140,1,1,0,1,16905,45,192,32,0,0,1,1,0,0.0,824,0,0,0, , , ,4,
GatCoin,Marketing,2018-01-14,2018-01-14,1,14500000,14500000,Normal, ,5,5,5,5,2,2,2,1,1,32,49022,311,1585,1,1,1,1,4424,133,444,39,0,1,1,1,0,0.0,0,1,1,0, , , ,2,
Selfkey,Verification,2018-01-14,2018-01-14,1,21776392,21800000,Normal, ,5,5,5,5,2,2,2,1,1,13,37127,312,4114,1,1,1,1,22168,1757,305,4,0,0,1,0,0,0.0,0,0,1,0, , , ,1,
adbank,Blockchain Service,2017-12-14,2018-01-14,1,13962900,14000000,Not rated, ,5,5,5,5,2,2,2,1,1,32,82357,534,1822,1,1,1,1,6359,40,822,1,0,1,1,1,5,0.036000000000000004,0,1,1,0, , , ,0,
Olympus Labs,Finance, ,2018-01-14,1,60324750,60300000,Normal, ,5,5,5,5,2,2,2,0,0,0,0,0,163,1,1,1,1,35637,106,465,1,0,0,1,1,9,0.047,0,1,1,0, , , ,0,
LALA World,Finance,2018-01-05,2018-01-13,1,20191350,20200000,Normal, ,5,5,5,5,2,2,2,0,1,0,0,0,2559,1,1,1,1,10124,425,793,1,0,0,1,0,0,0.0,0,1,1,0, , , ,0,
Polymath,Blockchain Service, ,2018-01-13,0,0,0,Normal, ,5,5,5,5,2,2,2,0,1,0,0,0,24326,1,1,1,1,27509,161,861,1,0,0,1,0,0,0.0,0,0,1,0, , , ,0,
Latium,Collaboration,2017-11-15,2018-01-13,1,14400000,15000000,Not rated, ,5,5,5,5,2,2,2,0,1,0,0,0,6896,1,1,1,1,16622,13,389,93,0,0,0,0,0,0.0,0,0,0,0, , , ,0,
FortKnoxster,Mobile,2017-02-19,2018-01-12,1,15000000,15000000,Normal, ,5,5,5,5,2,2,2,1,1,0,0,0,284,1,1,1,1,2975,236,403,77,0,0,1,0,0,0.0,0,1,1,0, , , ,0,
aXpire,Finance,2018-01-08,2018-01-12,1,20000000,20000000,Normal, ,5,5,5,5,2,2,2,1,1,2,4595,197,682,1,1,1,1,6510,562,223,28,0,0,1,0,0,0.0,0,1,0,0, , , ,0,
HOQU,Marketing,2017-11-27,2018-01-11,0,18782400,33200000,Not rated, ,5,5,5,5,2,2,2,1,0,63,134185,2367,1979,1,1,1,1,6213,53,224,66,0,0,1,1,7,0.035,0,0,1,0, , , ,13,
Loom Network,Blockchain Service,2018-01-05,2018-01-11,1,45808270,57000000,Normal, ,5,5,5,5,2,2,2,0,0,0,0,0,6229,1,0,0,1,12626,62,695,1,0,1,1,1,65,0.667,0,1,0,0, , , ,0,
Cypherium,Blockchain, ,2018-01-11,1,25000000,25000000,Normal, ,5,5,5,5,2,2,2,0,1,0,0,0,620,1,1,1,1,5573,455,142,26,0,0,1,0,0,0.0,0,0,1,0, , , ,0,
SwissBorg,Banking,2017-12-07,2018-01-10,1,50000000,50000000,Not rated, ,5,5,5,5,2,2,2,1,1,17,3309714,4261,2399,1,1,1,1,11236,437,1360,1,0,1,1,1,6,0.021,0,1,1,0, , , ,0,
CoinFi,Trading,2018-01-10,2018-01-10,0,0,0,High, ,5,5,5,5,2,2,2,1,0,7,9000,145,1267,1,1,1,1,5130,383,650,1,0,1,1,1,6,0.038,0,1,0,0, , , ,0,
Block.array,Blockchain Service,2018-01-05,2018-01-10,1,14375000,14400000,Not rated, ,5,5,5,5,2,2,2,0,0,0,0,0,1011,1,1,0,1,2564,46,87,9,0,1,0,1,23,0.08,0,1,0,0, , , ,1,
Ontology Network,Blockchain Service, ,2018-01-08,0,0,0,High, ,5,5,5,5,2,2,2,0,0,0,0,0,63029,1,1,1,1,56888,204,1212,1,0,1,1,1,19,0.202,0,1,0,0, , , ,0,
Neuromation,Network,2018-01-07,2018-01-08,1,71669400,71700000,Not rated, ,5,5,5,5,2,2,2,1,1,41,409028,1289,743,1,1,1,1,6835,127,309,43,0,1,1,0,0,0.0,0,1,1,0, , , ,2,
Shipchain,Blockchain Service, ,2018-01-06,1,30000000,30000000,Normal, ,5,5,5,5,2,2,2,0,0,0,0,0,600,1,1,1,1,9209,277,970,1,0,1,0,1,1,0.0,0,1,1,0, , , ,0,
Crypterium,Banking,2017-10-31,2018-01-06,1,51656963,47000000,Normal, ,5,5,5,5,2,2,2,1,1,24,7130623,4687,12686,1,1,1,1,16527,527,1063,1,0,1,0,0,0,0.0,0,1,1,0, , , ,0,
Theta token,Blockchain Service, ,2018-01-04,1,20000000,20000000,Normal, ,5,5,5,5,2,2,2,1,1,5,46910,558,22902,1,1,1,1,50813,139,306,1,0,1,0,1,8,0.045,0,1,0,0, , , ,0,
ZILLIQA,Blockchain,2017-12-27,2018-01-04,1,22000000,22000000,High, ,5,5,5,5,2,2,2,1,1,15,90049,1502,11314,1,1,0,1,46080,72,620,1,0,1,1,0,0,0.0,0,0,1,0, , , ,0,
trade.io,Trading,2016-12-07,2017-01-04,0,31169749,135000000,Normal, ,5,5,5,5,2,2,2,1,1,40,1428691,0,1000000,1,0,1,1,11456,90,567,1,0,1,1,0,0,0.0,0,1,1,0, , , ,0,
Zipper,Mobile,2016-11-30,2017-01-04,1,19220000,19200000,Normal, ,5,5,5,5,2,2,2,1,1,13,27480,235,1647,1,1,1,1,28,0,0,1,0,0,0,1,28,0.052000000000000005,0,1,0,0, , , ,0,
IOST,Blockchain, ,2017-01-03,1,31255000,31300000,Normal, ,5,5,5,5,2,2,2,1,1,6,20725,1313,174548,1,1,0,1,194788,126,612,1,0,1,1,1,29,0.326,0,1,1,0, , , ,0,
Lamden,Blockchain Service, ,2017-01-03,1,10000000,10000000,Normal, ,5,5,5,5,2,2,2,1,1,13,58333,881,816,1,1,1,1,12391,266,380,1,0,1,1,1,25,0.084,0,0,1,0, , , ,0,
Bloom,Finance,2016-11-30,2017-01-01,0,41420705,80500000,Normal, ,5,5,5,5,2,2,2,1,1,12,48653,474,20985,1,1,1,1,7551,4,396,1,0,1,1,0,0,0.0,0,0,0,0, , , ,0,
Spectiv,VR,2016-12-09,2017-01-01,0,7605767,10600000,Normal, ,5,5,5,5,2,2,2,1,1,3,45653,1165,3420,1,1,1,1,3296,35,352,1,0,1,0,0,0,0.0,0,1,0,0, , , ,0,
Covesting,Trading,2017-11-24,2017-12-31,1,18750000,18800000,Not rated, ,5,5,5,5,2,2,2,1,1,11,254349,1231,8391,1,1,1,1,10369,36,290,71,0,1,0,1,0,0.0,2,1,1,0, , , ,1,
LinkerCoin,Blockchain Service,2017-11-25,2017-12-31,1,10133235,10100000,Normal, ,5,5,5,5,2,2,2,1,1,0,0,0,183,1,1,1,1,631,63,356,87,0,1,1,1,0,0.0,54,1,0,0, , , ,0,
Finom,Business,2017-11-15,2017-12-31,0,41285458,102000000,Normal, ,5,5,5,5,2,2,2,1,1,32,638902,746,524,1,1,1,1,5692,93,530,1,0,1,0,0,0,0.0,0,1,1,0, , , ,0,
Loci,Blockchain Service,2017-12-08,2017-12-31,0,7376751,19000000,Normal, ,5,5,5,5,2,2,2,1,1,8,25621,101,961,1,1,1,1,6668,251,475,44,0,1,1,1,0,0.0,106,1,0,0, , , ,2,
Telcoin,Mobile,2017-12-12,2017-12-31,1,25000000,25000000,High, ,5,5,5,5,2,2,2,1,1,8,69045,1720,9411,1,1,1,1,25829,588,229,91,0,1,1,1,3,0.02,0,1,1,0, , , ,12,
STK Token,Currency,2017-12-29,2017-12-29,1,17000000,17000000,High, ,5,5,5,5,2,2,2,1,1,16,28210,2242,1652,1,1,1,1,10143,2208,208,30,0,0,1,1,2,0.2,0,1,1,0, , , ,3,
Gladius,Security,2017-11-24,2017-12-29,1,14681250,12500000,Not rated, ,5,5,5,5,2,2,2,1,1,2,377583,364,10414,1,1,1,1,28248,17,383,83,0,0,0,0,0,0.0,0,1,1,0, , , ,8,
BitDegree,Marketplace,2017-12-01,2017-12-28,1,22127834,21600000,Normal, ,5,5,5,5,2,2,2,1,1,34,262969,1704,2706,1,1,1,1,20545,34,804,1,0,0,1,1,7,0.027000000000000003,0,0,1,0, , , ,0,
BANKEX,Finance,2017-11-28,2017-12-28,0,70600000,103500000,Normal, ,5,5,5,5,2,2,2,1,1,0,0,0,1827,1,1,1,1,3,0,1,1,0,0,1,1,55,0.256,0,0,1,0, , , ,0,
Jibrel Network,Trading,2017-11-27,2017-12-27,1,30000000,30000000,Normal, ,5,5,5,5,2,2,2,1,0,0,0,0,3511,1,1,0,1,6560,12,310,66,0,0,1,1,14,0.051,0,0,1,0, , , ,5,
CanYa,Marketplace,2017-11-26,2017-12-27,0,8336405,23000000,Not rated, ,5,5,5,5,2,2,2,1,1,0,0,0,9080,1,1,0,1,1384,0,7,1,0,0,0,1,1,0.0,0,0,1,0, , , ,0,
Nitro,Gaming,2017-11-30,2017-12-26,0,2694156,58000000,Normal, ,5,5,5,5,2,2,2,1,1,27,73691,343,52647,1,1,1,1,3840,2150,599,5,0,0,1,0,0,0.0,0,1,1,0, , , ,0,
TokenPay,Currency,2017-12-07,2017-12-26,1,40948500,40900000,Normal, ,5,5,5,5,2,2,2,1,1,42,104698,4412,20752,1,1,1,1,24001,124,1517,1,0,0,0,1,0,0.0,0,1,1,0, , , ,0,
Sirin Labs,Hi-Tech,2017-12-12,2017-12-26,0,0,0,Not rated, ,5,5,5,5,2,2,2,0,1,0,0,0,13618,1,1,1,1,16068,373,462,1,0,0,1,1,4,0.027000000000000003,0,1,1,0, , , ,0,
Sola,Social Network,2017-11-27,2017-12-25,0,2233700,5000000,Normal, ,5,5,5,5,2,2,2,0,0,0,0,0,6713,1,1,1,1,2774,491,1315,60,0,1,0,1,4,0.019,0,1,1,0, , , ,2,
INS Ecosystem,Marketplace,2017-12-04,2017-12-25,1,41500000,41500000,Not rated, ,5,5,5,5,2,2,2,1,1,0,0,0,10379,1,1,1,1,19991,225,955,1,0,1,1,1,5,0.022,0,0,1,0, , , ,0,
Uttoken,Trading,2017-11-30,2017-12-25,0,30854682,58500000,Normal, ,5,5,5,5,2,2,2,1,0,0,0,0,876,1,1,1,1,3313,54,1682,65,0,0,0,1,54,0.092,0,1,1,0, , , ,12,
Zen Protocol,Blockchain,2017-11-30,2017-12-24,1,46368226,46400000,High, ,5,5,5,5,2,2,2,1,0,0,0,0,6407,1,1,1,1,2510,38,189,59,0,0,1,1,0,0.0,797,0,1,0, , , ,3,
Hdac,Blockchain,2017-11-27,2017-12-23,0,20000000,87700000,Not rated, ,5,5,5,5,2,2,2,0,1,0,0,0,2980,1,0,1,1,3845,1,65,37,0,1,1,1,0,0.0,0,0,1,0, , , ,6,
SingularityNET,Artificial Intelligence,2017-12-21,2017-12-22,1,32847814,32800000,Normal, ,5,5,5,5,2,2,2,1,1,9,42071,1142,4312,1,1,1,1,17653,291,791,1,0,1,1,1,24,0.111,0,0,1,0, , , ,0,
Qlink,Mobile,2017-12-22,2017-12-22,1,19270800,19300000,High, ,5,5,5,5,2,2,2,1,0,30,23862,460,13745,1,1,1,1,411,108,29,1,0,1,1,1,0,0.0,0,1,1,0, , , ,0,
PROPS,Currency,2017-12-22,2017-12-22,1,25000000,25000000,Normal, ,5,5,5,5,2,2,2,1,1,27,17898,313,24218,1,1,0,1,6815,295,234,49,0,1,1,0,0,0.0,0,0,0,0, , , ,7,
AppCoins,Mobile,2017-12-13,2017-12-20,1,15300000,15300000,Normal, ,5,5,5,5,2,2,2,0,1,0,0,0,10331,1,1,1,1,27277,72,371,47,0,0,1,1,0,0.0,288,1,1,0, , , ,0,
indaHash,Marketing,2017-11-29,2017-12-20,0,42715825,67000000,Normal, ,5,5,5,5,2,2,2,1,1,0,0,0,12973,1,1,1,1,9945,1181,1109,1,0,0,1,1,3,0.008,0,1,1,0, , , ,0,
Aditus,Marketplace,2017-12-01,2017-12-20,0,7100193,22500000,Normal, ,5,5,5,5,2,2,2,0,0,0,0,0,96,1,1,1,1,11967,32,92,1,0,1,1,1,11,0.093,0,1,1,0, , , ,0,
CommerceBlock,Finance,2017-11-28,2017-12-19,0,8820470,25000000,Not rated, ,5,5,5,5,2,2,2,0,1,0,0,0,188,1,1,1,1,3426,355,556,1,0,1,1,1,18,0.04,0,0,1,0, , , ,0,
Bread,Payments,2017-12-19,2017-12-19,1,20021300,20000000,Normal, ,5,5,5,5,2,2,2,1,1,9,22087,762,39271,1,1,1,1,6767,1,175,20,0,1,1,1,16,0.014,0,0,0,0, , , ,0,
MiniApps,Blockchain Service,2017-10-18,2017-12-19,0,3236016,51800000,Normal, ,5,5,5,5,2,2,2,1,1,0,0,0,543,1,1,0,1,0,0,0,0,0,0,0,0,0,0.0,0,1,1,0, , , ,0,
SophiaTX,Blockchain,2017-12-07,2017-12-17,0,23470356,82300000,High, ,5,5,5,5,2,2,2,1,1,7,135540,367,918,1,1,1,1,16140,602,532,1,0,1,1,0,0,0.0,0,0,1,0, , , ,0,
Clout,Media,2017-11-17,2017-12-17,0,2651403,50000000,Normal, ,5,5,5,5,2,2,2,1,1,13,15575,649,777,1,0,1,1,3800,6,80,23,0,0,0,0,0,0.0,0,1,1,0, , , ,3,
NeuFund,Crowdfunding,2017-11-17,2017-12-17,0,0,0,Normal, ,5,5,5,5,2,2,2,1,1,15,17476,132,603,1,1,1,1,3252,554,823,1,0,1,1,1,59,0.133,0,0,1,0, , , ,0,
Bounty0x,Marketplace,2017-12-16,2017-12-16,1,1602927,1500000,Not rated, ,5,5,5,5,2,2,2,1,1,4,19720,61,3624,1,1,0,1,14906,102,372,1,0,1,1,0,0,0.0,0,0,1,0, , , ,0,
Nebulas,Blockchain Service, ,2017-12-16,1,60000000,60000000,High, ,5,5,5,5,2,2,2,1,1,17,30520,1162,50792,1,1,1,1,23615,41,463,1,0,1,1,1,18,0.107,0,1,0,0, , , ,0,
Coinlancer,Collaboration,2017-10-04,2017-12-16,0,11860153,50000000,Not rated, ,5,5,5,5,2,2,2,1,1,4,14264,55,647,1,1,1,1,3440,133,211,152,0,1,0,1,0,0.0,0,1,1,0, , , ,1,
Naga,Finance,2017-12-01,2017-12-16,1,45318896,30000000,Normal, ,5,5,5,5,2,2,2,1,1,30,104369,2626,34575,1,1,0,1,10465,23,665,1,0,1,0,0,0,0.0,0,1,1,0, , , ,0,
MediBloc,Healthcare,2017-11-13,2017-12-15,0,21271251,30000000,Not rated, ,5,5,5,5,2,2,2,1,1,19,19437,207,2254,1,1,1,1,8483,59,411,54,0,1,0,1,9,0.027000000000000003,0,1,1,0, , , ,7,
DreamTeam,Gaming,2017-12-11,2017-12-15,0,5516229,45000000,Normal,"ETH, BTC",0,0,0,0,2,2,2,1,1,0,0,0,3609,1,1,1,1,3267,10,162,43,0,0,1,1,0,0.0,0,0,1,0,Alexander Kokhanovskyy, , ,0,
DeepBrain Chain,Artificial Intelligence,2017-12-15,2017-12-15,1,11755200,11800000,Normal, ,5,5,5,5,2,2,2,1,1,3,6523,45,24043,1,1,1,1,44336,104,412,1,0,1,1,1,1,0.0,0,0,0,0, , , ,0,
UpToken,Real Business,2017-10-16,2017-12-15,0,18934021,35000000,Normal, ,5,5,5,5,2,2,2,0,1,0,0,0,483,1,1,1,1,3073,4891,309,90,0,1,1,1,108,0.06,0,0,0,0, , , ,5,
Aigang,Insurance,2017-11-15,2017-12-15,0,4228920,31100000,Normal, ,5,5,5,5,2,2,2,1,1,2,13206,159,694,1,1,0,1,7727,2106,1574,79,0,1,0,1,10,0.045,0,1,0,0, , , ,5,
GIFTO,Marketplace,2017-12-14,2017-12-14,1,10000000,10000000,Normal, ,5,5,5,5,2,2,2,1,1,71,239311,817,6993,1,1,1,1,17313,116,409,1,0,1,1,1,0,0.0,0,1,1,0, , , ,0,
GUTS Tickets,Ticketing,2017-10-25,2017-12-13,0,7520874,17500000,Normal, ,5,5,5,5,2,2,2,0,0,0,0,0,1306,1,1,1,1,19698,561,538,1,0,1,1,0,0,0.0,0,0,1,0, , , ,0,
Wala,Finance,2017-12-01,2017-12-11,0,1195794,30000000,Normal,ETH,5,5,5,5,2,2,2,1,1,13,24980,50,12724,1,1,0,1,3475,825,952,1,0,1,1,1,0,0.0,30,0,1,0, , , ,0,
Spectre,Trading,2017-11-17,2017-12-10,0,16587120,30000000,Normal, ,5,5,5,5,2,2,2,1,1,17,44905,979,45264,1,1,1,1,6779,218,700,87,0,1,1,0,0,0.0,0,1,1,0, , , ,2,
SportyFi,Blockchain Service,2017-11-21,2017-12-10,0,5087896,16000000,Normal, ,5,5,5,5,2,2,2,1,1,27,23689,307,184,1,1,1,1,0,0,0,0,0,1,1,1,0,0.0,0,1,1,0, , , ,0,
aelf,Blockchain Service,2017-11-28,2017-12-10,1,24750000,24800000,Normal, ,5,5,5,5,2,2,2,0,0,0,0,0,14996,1,1,1,1,20550,94,380,1,0,0,1,1,40,0.116,0,1,0,0, , , ,0,
Universa,Blockchain,2017-10-28,2017-12-09,0,28559233,99000000,High, ,5,5,5,5,2,2,2,0,0,0,0,0,13409,1,1,1,1,11196,19,730,1,0,0,1,1,0,0.0,1727,1,1,0, , , ,0,
Storm,Collaboration,2017-11-07,2017-12-08,1,30716420,27600000,Normal, ,5,5,5,5,2,2,2,0,1,0,0,0,130088,1,1,1,1,27410,91,873,1,0,0,1,0,0,0.0,0,0,1,0, , , ,0,
Aphelion,Trading,2017-11-15,2017-12-08,0,4780661,6700000,Normal, ,5,5,5,5,2,2,2,1,1,0,0,0,4916,1,1,1,1,14349,143,193,118,0,1,1,1,13,0.052000000000000005,0,0,1,0, , , ,2,
Hut34,Cloud Storage,2017-11-02,2017-12-07,0,3383665,26400000,Normal, ,5,5,5,5,2,2,2,1,1,3,2536,18,96,1,1,1,1,2052,700,2185,1,0,0,0,1,20,0.027000000000000003,0,1,1,0, , , ,0,
Leverj,Trading,2017-11-07,2017-12-07,0,13049080,51000000,High, ,5,5,5,5,2,2,2,1,1,9,589201,300,115,1,1,0,1,5255,2860,253,45,0,0,1,1,37,0.041,0,0,0,0, , , ,2,
Verify,Verification,2017-12-06,2017-12-06,1,2500000,2500000,Not rated, ,5,5,5,5,2,2,2,0,1,0,0,0,60735,1,1,1,1,7530,2,121,62,0,0,1,1,6,0.024,0,1,1,0, , , ,3,
Cashaa,Banking,2017-11-06,2017-12-06,0,11110000,32000000,Low, ,5,5,5,5,2,2,2,1,1,47,30584,562,2340,1,1,1,1,13315,99,989,1,0,1,1,1,0,0.0,0,1,1,0, , , ,0,
fidentiaX,Insurance,2017-11-06,2017-12-05,0,1566283,2900000,Normal, ,5,5,5,5,2,2,2,1,1,11,9093,108,276,1,1,1,1,3919,64,265,25,0,1,1,0,0,0.0,0,1,1,0, , , ,0,
SmartMesh,Blockchain Service,2017-11-29,2017-12-04,1,15691200,16800000,Normal, ,5,5,5,5,2,2,2,1,0,4,678,45,1588,1,1,1,1,3812,297,152,22,0,1,0,1,0,0.0,0,1,0,0, , , ,0,
Crypto.tickets,Ticketing,2017-11-02,2017-12-03,0,1750000,4000000,Normal, ,5,5,5,5,2,2,2,1,1,0,0,0,1000000,1,1,1,1,5549,871,141,42,0,1,1,0,0,0.0,0,0,1,0, , , ,0,
DMarket,Gaming,2017-11-14,2017-12-01,0,19026768,53300000,Normal, ,5,5,5,5,2,2,2,0,1,0,0,0,1000000,1,1,1,1,7337,1254,477,1,0,1,1,1,0,0.0,21,1,1,0, , , ,0,
Blockstack,Network,2017-11-16,2017-12-01,1,50000000,50000000,Normal, ,5,5,5,5,2,2,2,1,1,149,5432230,7688,2061,1,1,1,1,22984,1,882,19,0,1,1,1,51,0.201,0,0,1,0, , , ,1,
Simple Token,Blockchain,2017-11-14,2017-12-01,1,21728192,20000000,High, ,5,5,5,5,2,2,2,1,1,21,190011,1228,193331,1,1,1,1,49,0,1,1,0,1,1,1,1,0.0,0,1,1,0, , , ,0,
Vezt,Marketplace,2017-11-03,2017-12-01,0,1378806,15000000,Not rated, ,5,5,5,5,2,2,2,1,1,59,55848,1953,1263,1,0,1,1,5286,161,841,1,0,1,1,0,0,0.0,0,2,0,0, , , ,0,
CRYPTO20,CryptoFund,2017-10-16,2017-12-01,0,37698373,75000000,Low, ,5,5,5,5,2,2,2,1,1,2,259949,601,2897,1,1,1,1,9460,396,514,1,0,0,1,1,2,0.017,0,1,0,0, , , ,0,
Sense,Smart Contract,2017-11-07,2017-12-01,1,15000000,15000000,Normal, ,5,5,5,5,2,2,2,0,1,0,0,0,103777,1,1,1,1,8929,9343,2806,1,0,0,1,1,0,0.0,0,1,1,0, , , ,0,
Playkey,Gaming,2017-11-01,2017-12-01,0,0,0,Normal, ,5,5,5,5,2,2,2,1,0,110,755236,7982,1894,1,1,1,1,9893,295,346,1,0,1,1,1,3,0.024,0,1,1,0, , , ,0,
PallyCoin,Social,2017-10-15,2017-11-30,0,861408,5000000,Normal, ,5,5,5,5,2,2,2,1,1,4,5850,19,20,1,1,1,1,1731,813,411,148,0,1,1,1,0,0.0,47,1,1,1, , , ,17,
LockChain,Marketplace,2017-10-29,2017-11-30,0,4055130,13200000,Normal, ,5,5,5,5,2,2,2,1,1,9,34152,327,1000000,1,1,1,1,37922,741,641,123,0,1,0,1,0,0.0,2,1,0,0, , , ,8,
Genaro Network,Cloud Storage,2017-11-17,2017-11-30,0,11362000,29600000,Normal, ,5,5,5,5,2,2,2,1,1,0,0,0,299,1,1,1,1,6162,4683,1137,1,0,1,1,1,0,0.0,0,1,0,0, , , ,0,
Esports,Gaming,2017-11-01,2017-11-30,0,5838211,41200000,Normal, ,5,5,5,5,2,2,2,1,1,0,0,0,24131,1,1,1,1,6231,343,1366,1,0,1,1,0,0,0.0,0,0,1,0, , , ,0,
ETHLend,Finance,2017-11-25,2017-11-30,1,17860000,17900000,High, ,5,5,5,5,2,2,2,1,1,28,271680,1749,8422,1,1,1,1,46535,2111,806,1,0,1,1,1,4,0.043,0,0,1,1, , , ,0,
WaBi,Blockchain Service,2017-11-28,2017-11-30,1,11500000,11500000,High, ,5,5,5,5,2,2,2,1,1,38,23873,321,60585,1,1,1,1,35291,126,738,1,0,1,1,0,0,0.0,0,1,1,0, , , ,0,
Paycent,Finance,2017-11-02,2017-11-30,0,15525000,186300000,Normal, ,5,5,5,5,2,2,2,1,1,24,45135,172,689,1,1,1,1,2467,34,378,23,0,1,0,1,1,0.0,0,1,1,0, , , ,0,
Game.com,Gaming,2017-11-01,2017-11-30,0,0,0,Normal, ,5,5,5,5,2,2,2,0,0,0,0,0,985580,1,0,1,1,2847,258,331,1,0,0,1,1,3,0.052000000000000005,0,1,1,0, , , ,0,
Snovio,Business,2017-10-31,2017-11-30,0,2129106,10000000,Normal, ,5,5,5,5,2,2,2,1,1,35,121115,571,3676,1,1,1,1,10750,16,559,1,0,1,1,0,0,0.0,0,1,1,0, , , ,0,
Presearch,Network,2017-09-09,2017-11-30,0,0,0,Normal, ,5,5,5,5,2,2,2,1,1,29,100647,1670,6695,1,1,1,1,3801,9,129,1,0,1,0,0,0,0.0,0,1,0,0, , , ,0,
WAX,Gaming,2017-11-15,2017-11-29,1,9600000,9600000,Normal, ,5,5,5,5,2,2,2,1,1,44,47571,316,41667,1,1,1,1,16648,207,1501,1,0,1,1,0,0,0.0,0,1,0,0, , , ,0,
Datum,Marketplace,2017-10-29,2017-11-29,0,7581120,29400000,Normal, ,5,5,5,5,2,2,2,1,1,24,51297,159,5366,1,1,1,1,36596,2852,1295,1,0,1,0,0,0,0.0,0,0,1,0, , , ,0,
BitClave,Blockchain Service,2017-11-29,2017-11-29,1,25547000,25500000,Normal, ,5,5,5,5,2,2,2,1,1,0,0,0,3856,1,1,0,1,22802,1073,859,1,0,1,0,1,18,0.063,0,1,1,0, , , ,0,
Mercury Protocol,Blockchain Service,2017-10-25,2017-11-25,0,4749479,20000000,Normal, ,5,5,5,5,2,2,2,1,1,0,0,0,2550,1,1,0,1,5498,114,399,88,0,1,1,1,4,0.017,0,0,0,0, , , ,4,
MyWish,Smart Contract,2017-10-25,2017-11-25,1,2670000,2700000,Normal, ,5,5,5,5,2,2,2,1,1,10,8804,147,960,1,1,1,1,4096,4,278,54,0,1,0,1,26,0.08,0,1,1,0, , , ,1,
Starbase,Crowdfunding,2017-11-09,2017-11-24,1,8842000,10000000,Normal, ,5,5,5,5,2,2,2,1,1,13,11053,67,1096,1,1,1,1,23738,7316,2919,1,0,1,0,1,14,0.023,0,0,0,0, , , ,0,
Flixxo,Social Network,2017-10-24,2017-11-24,0,4731021,12000000,Normal, ,5,5,5,5,2,2,2,1,1,6,34595,200,1582,1,1,1,1,6378,788,305,86,0,1,1,0,0,0.0,0,1,1,0, , , ,2,
Divi Project,Masternode,2017-10-27,2017-11-24,1,2592064,2000000,Normal, ,5,5,5,5,2,2,2,1,1,46,44298,859,443,1,1,1,1,5720,238,565,1,0,1,1,1,0,0.0,0,1,1,0, , , ,0,
Aion,Blockchain,2017-11-24,2017-11-24,0,0,0,High, ,5,5,5,5,2,2,2,1,1,0,0,0,51454,1,0,1,1,51389,1433,927,1,0,1,1,1,15,0.095,0,0,0,0, , , ,0,
ARToken,Marketplace,2017-10-25,2017-11-23,0,2813147,30000000,Normal, ,5,5,5,5,2,2,2,1,1,146,248761,1371,578,1,1,1,1,8981,276,2250,1,0,1,1,1,4,0.019,0,1,0,0, , , ,0,
Science,Crowdfunding,2017-08-02,2017-11-22,0,12232781,100000000,Normal,"ETH, BTC, EOS, USD",5,5,5,5,2,2,2,0,0,0,0,0,237673,1,1,1,1,1238,107,1315,1,0,1,0,1,0,0.0,7,0,0,0, , , ,0,
CyberMiles,Blockchain,2017-11-21,2017-11-22,1,30881582,30900000,High, ,5,5,5,5,2,2,2,1,1,0,0,0,6056,1,1,1,1,273986,139,402,1,0,1,1,1,31,0.141,0,1,1,0, , , ,0,
Bodhi,Market,2017-11-20,2017-11-22,0,0,0,Normal, ,5,5,5,5,2,2,2,1,1,13,3178,23,296,1,1,0,1,3708,67,276,1,0,1,1,0,0,0.0,0,1,1,0, , , ,0,
Time New Bank,Marketplace,2017-11-14,2017-11-21,1,14360000,14400000,Not rated, ,5,5,5,5,2,2,2,0,0,0,0,0,202080,1,1,0,1,15916,47,178,34,0,0,1,1,0,0.0,0,0,1,0, , , ,0,
UTRUST,Finance,2017-11-02,2017-11-20,1,21000000,21000000,Normal, ,5,5,5,5,2,2,2,0,1,0,0,0,15184,1,1,1,1,28507,506,502,44,0,1,1,1,2,0.014,0,1,1,0, , , ,1,
Zap Store,Blockchain Service,2017-10-21,2017-11-20,0,2827944,32200000,Normal, ,5,5,5,5,2,2,2,1,1,7,22775,647,293,1,1,1,1,95,0,1,1,0,0,1,1,15,0.023,0,0,1,0, , , ,0,
Quantstamp,Security,2017-11-17,2017-11-19,1,31320000,31300000,High, ,5,5,5,5,2,2,2,1,0,4,12373,1206,7634,1,1,1,1,57510,291,478,1,0,1,1,1,0,0.0,96,1,1,0, , , ,0,
MicroMoney,Finance,2017-10-18,2017-11-18,0,10541585,30000000,Normal, ,5,5,5,5,2,2,2,1,1,0,0,0,895,1,1,1,1,165683,2065,891,1,0,1,1,1,0,0.0,16,1,1,1, , , ,0,
B2BX,Trading,2017-10-02,2017-11-17,0,8078602,29500000,Normal, ,5,5,5,5,2,2,2,1,1,0,0,0,2225,1,1,1,1,3972,5,302,69,0,1,1,0,0,0.0,0,1,1,0, , , ,7,
Oracles Network,Smart Contract,2017-11-17,2017-11-17,1,12641032,12600000,High, ,5,5,5,5,2,2,2,1,1,33,20640,434,27524,1,1,0,1,15291,257,275,29,0,0,1,1,24,0.078,0,1,1,0, , , ,5,
Privatix,Network,2017-10-19,2017-11-16,0,2391939,15000000,Normal, ,5,5,5,5,2,2,2,1,1,10,316094,1555,825,1,1,1,1,3858,3386,160,47,0,1,1,1,6,0.02,0,1,1,0, , , ,0,
Publica,Marketplace,2017-11-01,2017-11-15,1,1046210,1000000,Normal, ,5,5,5,5,2,2,2,0,1,0,0,0,8500,1,1,1,1,9255,747,843,1,0,1,1,1,7,0.031,0,1,1,0, , , ,0,
Genesis Vision,Trading,2017-10-15,2017-11-15,0,2836732,23000000,Normal, ,5,5,5,5,2,2,2,0,1,0,0,0,37006,1,1,0,1,19543,57,399,1,0,0,1,1,22,0.062,0,1,1,0, , , ,0,
Soma,Marketplace,2017-09-26,2017-11-15,0,6049621,39800000,Normal, ,5,5,5,5,2,2,2,1,1,9,3031,0,1251,1,1,1,1,5492,388,670,1,0,1,0,1,2,0.022,0,1,1,0, , , ,0,
Matryx,Collaboration,2017-09-13,2017-11-15,0,1984347,9000000,Normal, ,5,5,5,5,2,2,2,0,0,0,0,0,1869,1,1,1,1,2174,263,502,56,0,1,0,1,15,0.049,0,0,1,0, , , ,0,
Grid+,Blockchain Service,2017-10-30,2017-11-12,0,32226790,89000000,High, ,5,5,5,5,2,2,2,0,1,0,0,0,38019,1,1,0,1,5055,68,268,137,0,0,0,1,22,0.06,0,0,0,0, , , ,8,
QASH,Trading,2017-11-05,2017-11-08,1,106400000,106400000,Normal, ,5,5,5,5,2,2,2,1,1,124,755274,1897,13765,1,1,1,1,21482,731,1439,1,0,1,1,0,0,0.0,0,0,1,1, , , ,0,
COMSA,Blockchain Service,2017-10-02,2017-11-06,0,0,0,Normal, ,5,5,5,5,2,2,2,1,0,2,54380,267,10467,1,1,1,1,8683,1,100,53,0,1,0,0,0,0.0,0,0,1,0, , , ,1,
Ripio Credit Network,Finance,2017-10-24,2017-11-05,1,37863045,37900000,Normal, ,5,5,5,5,2,2,2,1,1,6,15535,342,1011,1,1,1,1,21639,1801,257,80,0,1,1,1,0,0.0,46,1,1,0, , , ,0,
Ignis,Blockchain,2017-08-05,2017-11-04,1,21600000,21600000,High, ,5,5,5,5,2,2,2,1,1,0,0,0,10857,1,1,0,1,27317,91,1438,1,0,1,0,0,0,0.0,0,1,0,0, , , ,0,
Dragonchain,Blockchain Service,2017-10-02,2017-11-03,0,0,0,High, ,5,5,5,5,2,2,2,1,1,31,87555,1721,10690,1,1,1,1,76299,18,1958,1,0,1,0,1,0,0.0,246,0,0,0, , , ,0,
Raiden Network,Blockchain Service,2017-10-18,2017-11-01,1,33407260,33400000,High, ,5,5,5,5,2,2,2,1,1,7,118016,1123,21336,1,1,0,1,23715,59,47,15,0,0,1,1,0,0.0,3667,1,0,0, , , ,0,
Dentacoin,Business,2017-10-01,2017-11-01,0,1923507,28800000,Normal, ,5,5,5,5,2,2,2,1,1,45,63055,1164,7836,1,1,1,1,17878,487,831,1,0,1,1,1,12,0.033,0,0,0,0, , , ,0,
Enjin Coin,Gaming,2017-10-03,2017-11-01,1,22959609,25000000,Normal, ,5,5,5,5,2,2,2,1,1,52,113939,2466,26640,1,1,1,1,35064,617,6246,1,0,0,1,1,4,0.017,0,1,1,0, , , ,0,
Aeron,Blockchain Service,2017-09-19,2017-10-31,0,4897723,30000000,Normal, ,5,5,5,5,2,2,2,1,1,2,274377,120,6633,1,1,1,1,30009,36,264,1,0,1,1,1,0,0.0,15,1,1,0, , , ,0,
CryptoPay,Card,2017-10-02,2017-10-30,0,18148220,64300000,Normal, ,5,5,5,5,2,2,2,0,0,0,0,0,9622,1,1,0,1,8776,1635,1205,1,0,1,1,1,15,0.014,0,1,1,0, , , ,0,
Horizon State,Blockchain Service,2017-10-16,2017-10-30,0,893520,61200000,Normal, ,5,5,5,5,2,2,2,1,1,4,2424,1827,9329,1,1,1,1,10408,15,570,1,0,1,1,0,0,0.0,0,1,1,0, , , ,0,
Etherparty,Smart Contract,2017-10-01,2017-10-29,0,33732274,65000000,Normal, ,5,5,5,5,2,2,2,1,1,0,0,0,4429,1,1,1,1,0,0,0,0,0,0,1,1,23,0.015,0,0,1,0, , , ,0,
Snip,Media,2017-09-29,2017-10-29,0,4972669,8500000,Normal, ,5,5,5,5,2,2,2,1,1,7,59641,115,537,1,1,1,1,2515,0,1642,1,0,1,0,1,7,0.029,0,1,1,0, , , ,0,
Swarm Fund,Real Assets,2017-10-21,2017-10-28,0,5370258,55000000,Normal, ,5,5,5,5,2,2,2,1,1,36,3477239,623,905,1,1,0,1,11197,1770,347,1,0,1,0,1,23,0.04,0,0,1,0, , , ,0,
Polkadot,Blockchain,2017-10-15,2017-10-27,0,0,0,Very High, ,5,5,5,5,2,2,2,1,1,15,21204,323,1965,1,1,0,1,22813,133,727,1,0,0,0,1,11,0.032,0,1,0,0, , , ,0,
BLOCKv,Blockchain Service,2017-10-19,2017-10-25,0,21599100,40000000,Normal, ,5,5,5,5,2,2,2,0,1,0,0,0,1126,1,1,1,1,6566,80,283,74,0,0,1,0,0,0.0,0,1,1,0, , , ,2,
Astronaut,CryptoFund,2017-09-20,2017-10-25,0,0,0,Normal, ,5,5,5,5,2,2,2,0,0,0,0,0,1253,1,1,1,1,1970,136,274,77,0,0,0,0,0,0.0,0,1,0,0, , , ,3,
UnikoinGold,Bets,2017-09-22,2017-10-23,0,29436000,86400000,Normal, ,5,5,5,5,2,2,2,0,0,0,0,0,908,1,1,1,1,20339,839,9304,1,0,1,1,1,3,0.25,0,0,1,0, , , ,0,
COBINHOOD,Trading,2017-09-13,2017-10-23,0,13078406,25000000,Normal, ,5,5,5,5,2,2,2,1,1,56,342680,1327,11203,1,1,1,1,49883,318,1061,1,0,1,0,1,12,0.031,0,1,1,0, , , ,0,
Electroneum,Currency,2017-09-14,2017-10-23,1,39934610,40000000,Normal, ,5,5,5,5,2,2,2,0,0,0,0,0,129042,1,1,1,1,126245,207,1134,1,0,1,0,1,5,0.059,0,0,1,0, , , ,0,
Ambrosus,Blockchain Service,2017-09-22,2017-10-22,0,32507330,97800000,Normal, ,5,5,5,5,2,2,2,1,1,11,40380,542,1953,1,1,1,1,0,0,0,0,0,1,1,1,0,0.0,0,0,1,0, , , ,0,
Qvolta,Trading,2017-10-10,2017-10-20,0,729652,4700000,Normal, ,5,5,5,5,2,2,2,1,1,6,4959,47,418,1,1,1,1,3953,209,409,1,0,1,1,1,1,0.0,0,1,1,0, , , ,0,
DOVU,Mobile,2017-10-03,2017-10-17,0,6644682,28400000,Normal, ,5,5,5,5,2,2,2,1,1,11,29353,142,771,1,1,1,1,6943,2961,679,1,0,0,1,1,0,0.0,443,0,1,0, , , ,0,
HEROcoin,Bets,2017-09-14,2017-10-16,0,2021034,16000000,Normal, ,5,5,5,5,2,2,2,1,1,18,89191,1277,886,1,1,1,1,4382,591,841,1,0,1,1,0,0,0.0,0,0,1,0, , , ,0,
eidoo,Blockchain Service,2017-10-04,2017-10-16,0,27676992,51700000,Normal, ,5,5,5,5,2,2,2,0,0,0,0,0,3095,1,1,1,1,25115,121,1727,1,0,1,0,0,0,0.0,0,1,1,0, , , ,0,
Change Bank,Banking,2017-09-16,2017-10-16,0,15963255,40000000,Normal, ,5,5,5,5,2,2,2,1,1,30,7306,0,100187,1,1,1,1,0,0,0,0,0,1,0,0,0,0.0,0,1,1,0, , , ,0,
Request Network,Finance,2017-10-13,2017-10-16,1,33600000,33600000,Normal, ,5,5,5,5,2,2,2,0,0,0,0,0,42013,1,1,1,1,41837,17,232,73,0,1,1,1,11,0.07400000000000001,0,0,1,0, , , ,0,
Credit Protocol,Finance,2017-10-01,2017-10-16,1,15300000,15300000,Normal, ,5,5,5,5,2,2,2,1,0,12,24826,375,26457,1,1,1,1,9562,195,511,1,0,1,1,1,20,0.049,0,1,1,0, , , ,0,
Paragon,Social,2017-09-15,2017-10-16,0,6000000,100000000,Very Low, ,5,5,5,5,2,2,2,0,1,0,0,0,6835,1,1,1,1,4423,575,1100,1,0,1,1,0,0,0.0,0,0,1,0, , , ,0,
Doc.ai,Artificial Intelligence,2017-09-28,2017-10-14,0,11158215,31800000,Normal, ,5,5,5,5,2,2,2,1,1,14,29869,160,39179,1,1,1,1,2784,828,1167,1,0,1,1,0,0,0.0,0,1,1,0, , , ,0,
bitJob,Marketplace,2017-09-12,2017-10-13,0,2726424,12000000,Normal, ,5,5,5,5,2,2,2,1,1,26,13319,97,1371,1,1,1,1,6862,1483,905,1,0,1,1,1,0,0.0,0,1,1,0, , , ,0,
Streamr,Blockchain Service,2017-10-12,2017-10-13,1,27000000,27000000,Normal, ,5,5,5,5,2,2,2,1,1,21,87389,972,510020,1,1,0,1,17720,3074,944,1,0,1,1,0,0,0.0,0,1,0,0, , , ,0,
Anryze,Blockchain Service,2017-09-12,2017-10-12,0,1759099,6000000,Normal, ,5,5,5,5,2,2,2,1,1,4,7206,320,1153,1,0,1,1,0,0,0,0,0,1,0,0,0,0.0,0,1,0,0, , , ,0,
Ties.Network,Collaboration,2017-09-21,2017-10-12,0,6399760,33600000,Normal, ,5,5,5,5,2,2,2,1,1,18,44060,164,10247,1,1,1,1,7352,1,176,110,0,1,1,1,0,0.0,0,0,1,0, , , ,7,
AirSwap,Trading,2017-10-10,2017-10-11,1,12600000,12600000,High, ,5,5,5,5,2,2,2,1,1,46,65416,946,4380,1,1,1,1,30402,20,589,1,0,1,1,1,8,0.032,0,1,1,0, , , ,0,
LAToken,Market,2017-08-22,2017-10-10,0,18880673,40000000,Not rated, ,5,5,5,5,2,2,2,1,1,121,242373,0,3604,1,1,1,1,8437,243,514,1,0,1,0,0,0,0.0,0,0,1,0, , , ,0,
Maecenas,Marketplace,2017-09-07,2017-10-10,1,15375432,18900000,Normal, ,5,5,5,5,2,2,2,0,0,0,0,0,370,1,1,1,1,2533,163,439,1,0,1,0,0,0,0.0,0,1,0,0, , , ,0,
DomRaider,Blockchain Service,2017-09-12,2017-10-09,1,67200000,67200000,Normal, ,5,5,5,5,2,2,2,1,1,0,0,0,833,1,1,1,1,9862,750,2862,1,0,1,1,0,0,0.0,0,1,1,0, , , ,0,
PayPie,Finance,2017-10-08,2017-10-08,1,26000000,26000000,Normal, ,5,5,5,5,2,2,2,0,0,0,0,0,10413,1,1,1,1,7812,3,201,90,0,1,1,0,0,0.0,0,0,1,0, , , ,6,
Red Pulse,Market,2017-10-08,2017-10-08,1,14508923,14500000,High, ,5,5,5,5,2,2,2,1,0,0,0,0,36876,1,1,1,1,41920,467,3655,1,0,1,1,1,1,0.0,0,0,1,0, , , ,0,
PowerLedger,Blockchain Service,2017-09-08,2017-10-06,0,0,0,Normal, ,5,5,5,5,2,2,2,0,1,0,0,0,16849,1,1,1,1,86150,2970,3471,1,0,1,1,0,0,0.0,0,1,1,0, , , ,0,
AirToken,Mobile,2017-10-01,2017-10-06,1,15000000,15000000,Normal, ,5,5,5,5,2,2,2,0,1,0,0,0,843,1,1,0,1,5545,204,437,1,0,1,1,0,0,0.0,0,1,1,0, , , ,0,
Wanchain,Blockchain Service,2017-10-03,2017-10-04,1,35990000,36000000,High, ,5,5,5,5,2,2,2,1,1,12,122295,2721,13393,1,1,1,1,108176,75,182,30,0,1,1,1,39,0.136,0,0,1,0, , , ,1,
Real,Real Estate,2017-08-31,2017-09-30,0,10604571,33000000,Normal, ,5,5,5,5,2,2,2,0,0,0,0,0,923501,1,1,0,1,4536,104,220,107,0,0,0,1,0,0.0,49,1,1,0, , , ,5,
ALIS,Media,2017-09-01,2017-09-29,0,3705000,35600000,Normal, ,5,5,5,5,2,2,2,0,0,0,0,0,3900,1,1,0,1,16416,429,4252,1,0,1,1,1,18,0.047,0,1,0,0, , , ,0,
Internxt,Cloud Storage,2017-09-07,2017-09-28,0,220800,41000000,Normal, ,5,5,5,5,2,2,2,0,0,0,0,0,1057,1,1,0,1,15440,1,426,1,0,1,0,1,5,0.017,0,1,1,0, , , ,0,
Kin,Currency,2017-09-12,2017-09-25,0,48594816,75000000,Normal, ,5,5,5,5,2,2,2,0,1,0,0,0,38875,1,1,0,1,25213,212,526,1,0,1,1,0,0,0.0,0,1,0,0, , , ,0,
Cindicator,Hybrid Intellingence,2017-09-12,2017-09-24,1,15000000,15000000,Normal, ,5,5,5,5,2,2,2,1,1,20,36826,495,6523,1,1,1,1,39494,19,2033,1,0,1,0,1,1,0.0,0,1,1,0, , , ,0,
Modum,Blockchain Service,2017-09-01,2017-09-22,1,13350000,16400000,Not rated, ,5,5,5,5,2,2,2,1,1,4,20323,88,14985,1,1,0,1,14555,186,532,1,0,1,1,1,9,0.035,0,0,0,0, , , ,0,
ICON,Blockchain,2017-09-20,2017-09-20,1,42750000,42800000,Very High, ,5,5,5,5,2,2,2,1,1,17,135404,2499,466929,1,1,1,1,107508,11,350,1,0,1,0,1,7,0.037000000000000005,0,1,0,0, , , ,0,
ChainLink,Blockchain Service,2017-09-19,2017-09-19,1,32000000,32000000,High, ,5,5,5,5,2,2,2,0,0,0,0,0,30982,1,1,0,1,12513,8,24,3,0,1,0,0,0,0.0,0,0,1,0, , , ,1,
Substratum,Blockchain Service,2017-08-14,2017-09-17,0,13800000,45000000,Normal, ,5,5,5,5,2,2,2,1,1,0,0,0,42975,1,1,0,1,71276,22,1634,1,0,1,1,0,0,0.0,0,1,0,0, , , ,0,
KICKICO,Crowdfunding,2017-08-29,2017-09-16,1,21581925,12800000,Normal, ,5,5,5,5,2,2,2,1,1,2,9386,84,2845,1,1,1,1,11027,546,936,1,0,1,1,0,0,0.0,0,1,0,0, , , ,0,
KyberNetwork,Trading,2017-09-15,2017-09-16,1,46000000,46000000,Not rated, ,5,5,5,5,2,2,2,1,1,9,110978,788,4983,1,1,0,1,86580,517,1174,1,0,1,0,1,16,0.058,0,0,0,0, , , ,0,
ICOS,Token Discounter,2017-08-15,2017-09-16,0,0,0,Normal, ,5,5,5,5,2,2,2,0,0,0,0,0,149665,1,1,1,1,0,0,0,0,0,1,0,0,0,0.0,0,1,1,0, , , ,0,
BitDice,Gambling,2017-08-15,2017-09-15,0,0,0,Not rated, ,5,5,5,5,2,2,2,0,0,0,0,0,1198,1,1,0,1,3513,26,269,63,0,0,1,0,0,0.0,0,1,1,1, , , ,0,
Social,Social Network,2017-08-17,2017-09-15,0,5243080,15000000,Low, ,5,5,5,5,2,2,2,1,1,5,71454,321,732972,1,1,1,1,5865,159,497,1,0,0,1,0,0,0.0,0,1,1,0, , , ,0,
Blackmoon,Trading,2017-09-12,2017-09-13,1,30000000,30000000,Low, ,5,5,5,5,2,2,2,1,1,18,30872,391,4676,1,1,1,1,6489,68,343,1,0,1,1,1,2,0.0,0,1,1,0, , , ,0,
Enigma,Trading,2017-09-11,2017-09-11,1,45000000,45000000,High, ,5,5,5,5,2,2,2,1,0,13,72669,1603,63045,1,1,0,1,62374,38,808,1,0,1,1,0,0,0.0,0,0,1,0, , , ,0,
Rivetz,Security,2017-08-10,2017-09-10,1,18653920,20000000,Normal, ,5,5,5,5,2,2,2,1,1,27,10346,205,1798,1,1,1,1,10335,1265,1327,1,0,0,1,0,0,0.0,0,0,0,0, , , ,0,
Filecoin,Cloud Storage,2017-08-10,2017-09-08,1,257000000,40000000,Not rated, ,5,5,5,5,2,2,2,1,1,1,138085,694,4139,1,1,0,1,22644,33,329,140,0,1,0,0,0,0.0,0,0,0,0, , , ,1,
Hubii Network,Marketplace,2017-08-24,2017-09-07,0,7130256,50000000,Not rated, ,5,5,5,5,2,2,2,1,1,6,18156,46,299,1,1,0,1,4587,627,678,1,0,0,0,0,0,0.0,0,1,0,0, , , ,0,
Indorse,Blockchain Service,2017-08-08,2017-09-07,0,9247392,15000000,Normal, ,5,5,5,5,2,2,2,0,1,0,0,0,1077,1,1,1,1,9062,237,780,1,0,0,0,0,0,0.0,0,1,0,0, , , ,0,
Aventus,Ticketing,2017-09-06,2017-09-06,1,18780000,18800000,Not rated, ,5,5,5,5,2,2,2,1,1,13,83765,287,2017,1,1,1,1,45371,265,756,1,0,1,1,1,4,0.023,0,1,1,0, , , ,0,
Viberate,Media,2017-09-05,2017-09-05,1,12000000,12000000,Not rated, ,5,5,5,5,2,2,2,1,1,17,121371,822,4510,1,1,1,1,36310,2065,1178,1,0,1,1,0,0,0.0,0,1,1,0, , , ,0,
Tron,Blockchain Service,2017-08-31,2017-09-02,1,70000000,70000000,Not rated, ,5,5,5,5,2,2,2,1,0,0,0,0,544964,1,1,1,1,318616,163,955,1,0,1,0,1,14,0.115,0,0,0,0, , , ,0,
Everex,Blockchain Service,2017-07-24,2017-08-31,1,25840000,26000000,Not rated, ,5,5,5,5,2,2,2,1,1,17,29316,650,2749,1,1,1,1,0,0,0,0,0,1,0,1,0,0.0,0,0,1,0, , , ,0,
Monetha,Currency,2017-08-31,2017-08-31,1,35910000,35900000,Not rated, ,5,5,5,5,2,2,2,1,1,85,125735,1623,3441,1,1,1,1,19149,62,411,1,0,1,1,1,9,0.043,0,1,1,0, , , ,0,
ChronoLogic,Blockchain Service,2017-08-28,2017-08-30,0,7502120,13000000,Not rated, ,5,5,5,5,2,2,2,1,1,147,23490,0,713,1,1,0,0,0,0,0,0,0,1,1,1,23,0.069,0,0,1,0, , , ,0,
DIMCOIN,Currency,2017-07-16,2017-08-27,1,14005746,13500000,Normal, ,5,5,5,5,2,2,2,1,1,10,1081565,2706,2800,1,1,1,1,30955,195,1522,1,0,1,0,0,0,0.0,0,0,1,0, , , ,0,
OPUS,Media,2017-07-24,2017-08-25,0,5737250,20000000,Not rated, ,5,5,5,5,2,2,2,1,1,4,34650,321,3324,1,1,1,1,3687,10,121,47,0,0,1,1,0,0.0,71,1,1,0, , , ,1,
Lampix,Hi-Tech,2017-08-09,2017-08-19,0,0,0,Not rated, ,5,5,5,5,2,2,2,1,1,17,97906,518,230,1,0,1,1,3399,788,918,1,0,1,1,0,0,0.0,0,0,0,0, , , ,0,
Decentraland,VR,2017-08-17,2017-08-19,1,24137000,20000000,Not rated, ,5,5,5,5,2,2,2,1,1,7,218461,799,13009,1,1,1,1,36910,177,555,1,0,1,1,1,48,0.303,0,0,0,0, , , ,0,
Agrello,Smart Contract,2017-07-17,2017-08-18,0,30100000,43200000,Not rated, ,5,5,5,5,2,2,2,1,1,10,420625,1188,2131,1,1,1,1,14954,1835,771,1,0,1,1,0,0,0.0,0,0,0,0, , , ,0,
0x,Blockchain Service,2017-08-12,2017-08-16,1,24000000,24000000,Not rated, ,5,5,5,5,2,2,2,0,0,0,0,0,53908,1,1,0,1,128897,52,510,1,0,0,1,1,39,0.127,0,0,0,0, , , ,0,
BlockCAT,Smart Contract,2017-08-15,2017-08-16,1,6284400,5000000,Not rated, ,5,5,5,5,2,2,2,1,1,4,15468,227,2238,1,0,1,1,7946,135,875,1,0,0,0,1,8,0.02,0,1,0,0, , , ,0,
SALT,Finance,2017-08-01,2017-08-15,1,48500000,48500000,Normal, ,5,5,5,5,2,2,2,1,1,9,2818969,1549,91469,1,1,1,1,44408,404,531,1,0,0,0,0,0,0.0,0,0,0,0, , , ,0,
Tierion,Blockchain Service,2017-08-01,2017-08-09,1,25000000,25000000,Normal, ,5,5,5,5,2,2,2,0,0,0,0,0,2078,1,1,1,1,17275,337,761,1,0,1,1,1,9,0.03,0,1,1,0, , , ,0,
Po.et,Verification,2017-08-08,2017-08-09,1,10000000,10000000,Not rated, ,5,5,5,5,2,2,2,0,1,0,0,0,326395,1,1,0,1,33147,46,823,1,0,0,1,1,15,0.049,0,0,0,0, , , ,0,
Tezos,Blockchain,2017-07-01,2017-07-14,0,0,0,Normal, ,5,5,5,5,2,2,2,1,1,8,107203,947,9882,1,1,0,1,44869,1,585,119,0,0,1,1,0,0.0,2156,0,0,0, , , ,1,
Polybius,Banking,2017-05-31,2017-06-30,0,62956169,100000000,Normal, ,5,5,5,5,2,2,2,1,1,10,54009,792,1960,1,1,0,1,9638,2,133,46,0,1,0,0,0,0.0,0,0,0,0, , , ,0,
EOS,Blockchain,2017-06-26,2017-06-26,0,0,0,High, ,5,5,5,5,2,2,2,0,1,0,0,0,626136,1,1,1,1,177069,47,968,1,0,0,0,1,33,0.21600000000000005,0,1,0,0, , , ,0,
TenX,Card, ,2017-06-24,0,0,0,Normal, ,5,5,5,5,2,2,2,1,1,219,1588538,26426,41650,1,0,1,1,142152,62,1563,1,0,1,1,0,0,0.0,0,0,1,0, , , ,0,
Vegan Nation, ,2018-05-01,2018-07-01,1,38000006,10978800,Normal,USDEUR,0,0,0,0,2,2,2,0,1,0,0,0,196,1,1,1,1,2221,3794,725,200,0,1,0,0,0,0.0,0,0,0,0,Isaac Thomas, , ,11,
Birdchain, ,2018-01-18,2018-05-31,0,1119380,4803225,Normal,BTCETH,9,9,9,9,4,3,2,0,1,0,0,0,3460,1,1,1,1,9237,744,988,119,1,1,1,1,6,0.04,0,0,1,0, , , ,15,
Bubbletone, ,2018-02-02,2018-06-15,0,7478040,15553300,Normal,ETHBTC,9,7,9,9,2,3,2,0,1,0,0,0,4866,1,1,1,1,5216,7,154,122,0,1,0,1,2,0.053,0,0,1,0,Yury Morozov, ,Oleg Pravdin,18,
Acorn Collective, ,2018-01-29,2018-06-24,0,9800000,15553300,Normal,ETH,8,9,9,5,4,3,2,0,1,0,0,0,4080,1,1,1,1,54194,10121,2420,159,0,1,1,1,2,0.009000000000000001,0,0,1,0,Dr. Moritz Kurtz, ,Ed Earle,11,
BestMeta, ,2018-04-23,2018-06-15,0,3574611,15553300,Normal,BTCETHLTC,10,9,8,4,0,2,2,0,1,0,0,0,196,1,1,1,1,15665,314,165,36,0,1,0,0,0,0.0,0,0,0,0,MICHELE PES, , ,6,
Sharpay, ,2017-12-11,2018-05-31,0,4715852,20585250,Normal,ETHLTCBCHBTC,9,7,9,7,2,2,1,0,1,0,0,0,3957,1,1,1,1,2808,0,170,139,0,1,1,1,0,0.0,0,0,0,0,Anton Solodikov, ,Alexey Stukarchuk,9,
Gamblica, ,2017-12-12,2018-06-01,0,0,0,Normal,BTCETH,9,6,8,7,2,2,2,0,1,0,0,0,611,1,1,1,1,2025,26,155,145,1,1,1,1,0,0.0,24,0,1,0,Dmitry Yakovlev, ,Mikhail Ignatiev,3,
LocalCoinSwap, ,2018-04-15,2018-06-15,0,10568000,20585250,Normal,AUDBCHBTCCADETHEURGBPNZDUSDUSDTXRP,9,7,8,5,4,3,3,0,1,0,0,0,4216,1,1,1,1,0,0,0,0,1,1,1,0,0,0.0,0,0,1,0, , ,Nathan Worsley,3,
Sandblock, ,2018-03-01,2018-06-16,0,1080039,5280802,Normal,BTCETHUSD,7,5,8,10,4,4,1,0,1,0,0,0,3312,1,1,1,1,12423,54,155,90,0,1,0,0,0,0.0,0,0,0,0, , , ,17,
Miner One, ,2018-02-15,2018-05-16,0,56286477,131288150,Normal,BTCETHEURLTC,9,8,9,2,2,2,4,0,1,0,0,0,203003,1,1,1,1,1076,0,76,72,1,1,0,1,0,0.0,0,1,1,0,Pranas Slunys, , ,2,
ADAMANT Messenger, ,2018-01-30,2018-06-30,0,3845782,5489400,Normal,BCHBTCDASHDOGEETHLSKLTC,8,3,8,9,1,0,2,0,1,0,0,0,113,1,1,1,1,891,27,339,197,0,0,0,1,0,0.0,0,0,1,0,Pavel Evgenov, , ,26,
HODLER, ,2018-03-01,2018-06-30,0,3792500,5489400,Normal,BCHBTCDASHLTC,8,5,8,7,0,0,4,0,1,0,0,0,41171,1,1,1,1,611,909,210,199,0,1,0,1,0,0.0,0,0,0,0,Tobiasz Horodko, , ,4,
Monaco Estate Token, ,2018-05-01,2018-06-30,0,0,0,Normal,ETH,9,8,8,3,2,0,1,0,1,0,0,0,293,1,1,1,1,1792,1804,84,36,0,0,1,1,0,0.0,2,0,1,0,Daniel Golding, , ,5,
Coinjanitor, ,2018-05-01,2018-05-31,0,2415589,6404300,Normal,BCHBTCBTGETCLTCUSDXMR,7,7,7,4,3,1,2,0,1,0,0,0,673,1,1,1,1,2123,98,1126,134,1,1,1,0,0,0.0,0,1,1,0,Marc Kenigsberg, ,Asaf Yosifov,3,
Valorem Foundation, ,2017-12-15,2018-06-28,0,0,0,Normal,BTCETHUSD,8,5,7,5,2,1,4,0,1,0,0,0,131,1,1,1,1,14831,13421,726,197,0,0,1,1,0,0.0,0,0,1,0,Val Kleyman, , ,3,
Ice Rock Mining, ,2018-01-20,2018-05-25,1,8175069,6404300,Normal,USD,8,5,6,5,2,2,4,0,1,0,0,0,9256,1,1,1,1,2933,25,446,183,0,1,1,0,0,0.0,0,0,1,0,Malik Murzashev, , ,5,
UUNIO, ,2018-03-01,2018-06-30,0,10,6404300,Normal,ETHQTUM,6,2,5,4,2,0,4,0,1,0,0,0,122643,1,1,1,1,423,118,91,78,0,0,0,0,0,0.0,0,1,0,0,Kiyoung Tack, , ,6,
Referpay Network, ,2018-06-04,2018-06-17,0,0,0,Normal,ETH,0,0,0,0,0,0,4,0,1,0,0,0,37,1,1,0,1,1335,0,14,14,0,0,1,1,3,0.0,0,1,1,0, , , ,3,
A2B Taxi, ,2018-03-01,2018-06-15,0,0,0,Normal,BTCETHEURUSD,0,0,0,0,2,2,2,0,1,0,0,0,300,1,1,1,1,6815,146,118,72,0,1,0,0,0,0.0,0,0,0,0, , , ,6,
AITHEON, ,2018-04-20,2018-06-03,1,25352867,4803225,Normal,ETHBTCBCHLTC,0,0,0,0,2,2,2,0,1,0,0,0,966,1,1,1,1,9484,2580,309,197,1,1,1,0,0,0.0,0,0,0,0,Andrew Archer, , ,7,
Asura coin, ,2018-05-21,2018-06-15,0,0,0,Normal,NEO,0,0,0,0,2,2,2,0,1,0,0,0,811,1,1,1,1,0,0,0,0,0,1,1,1,0,0.0,0,0,1,0,Peter Shen, , ,1,
Baanx, ,2018-05-01,2018-05-24,0,3608254,16410103,Normal,BCHBTCETH,0,0,0,0,2,2,2,0,1,0,0,0,101,1,1,1,1,8461,6379,928,76,0,1,0,0,0,0.0,0,1,0,0,Garth Howat, , ,8,
Bidium, ,2018-05-25,2018-06-15,0,0,0,Normal,ETHBTC,0,0,0,0,2,2,2,0,1,0,0,0,1518,1,1,1,1,6266,2608,231,178,0,1,1,0,0,0.0,0,0,1,0,Nausheen Ahmad, ,Garima Singh,3,
Bigbom Eco, ,2018-03-28,2018-06-10,0,0,0,Normal,ETHTOMOKNC,0,0,0,0,2,2,2,0,1,0,0,0,358,1,1,1,1,14004,5,162,137,0,0,1,1,4,0.045,0,1,1,0,Nguyen Van Vung, ,Co Le Quoc Tuan,6,
Bitcoin Empire, ,2018-04-04,2018-06-28,0,0,0,Normal,ETH,0,0,0,0,2,2,2,0,1,0,0,0,9821,1,1,1,1,2567,2918,1748,177,0,0,0,0,0,0.0,0,0,0,0, , , ,5,
BitFence, ,2018-04-01,2018-07-01,0,6562241,16410103,Normal,BTCDASHETHLTC,0,0,0,0,2,2,2,0,1,0,0,0,346,1,1,1,1,11516,12219,91,86,1,1,1,1,0,0.0,0,0,1,0, , , ,8,
Blockchain Hotels, ,2018-02-25,2018-06-30,0,6000,182980,Normal,BTCDASHETHLTC,0,0,0,0,2,2,2,0,1,0,0,0,17648,1,1,1,1,0,0,0,0,1,1,0,0,0,0.0,0,0,1,0,Pawel Alva Nazaruk, , ,1,
Calfin Global Crypto Exchange, ,2018-05-01,2018-06-30,0,6404300,53817620,Normal,BTCETH,0,0,0,0,2,2,2,0,1,0,0,0,216,1,1,1,1,21002,25,39,36,1,1,1,1,0,0.0,0,1,1,0,Anandh Swami, ,Don Asok,5,
Carboneum Token, ,2018-03-08,2018-06-30,0,0,0,Normal,ETH,0,0,0,0,2,2,2,0,1,0,0,0,605,1,1,1,1,19862,69,134,134,0,0,0,1,0,0.0,0,1,1,0,Max Kortrakul, , ,11,
Cardium, ,2018-04-16,2018-06-30,0,0,0,Normal,ETH,0,0,0,0,2,2,2,0,1,0,0,0,60,1,1,1,1,3045,0,66,66,1,1,1,1,0,0.0,0,1,1,0,Philipp Klimov, ,Sergey Chernikov,6,
CargoCoin, ,2018-04-01,2018-06-30,0,0,0,Normal,ETHBTCLTCXRPDASHUSDDOGE,0,0,0,0,2,2,2,0,1,0,0,0,304,1,1,1,1,1491,12,247,194,0,1,1,1,0,0.0,4,1,1,0, , , ,3,
Chimaera, ,2018-03-23,2018-05-19,0,2000000,53817620,Normal,BTCDASHETCETHLTCZEC,0,0,0,0,2,2,2,0,1,0,0,0,404,1,1,1,1,6856,1404,681,183,0,1,0,0,0,0.0,0,0,0,0,Andrew Colosimo, , ,8,
Coin Pennant , ,2018-06-01,2018-06-30,0,0,0,Normal,ETH,0,0,0,0,2,2,2,0,1,0,0,0,629,1,1,1,1,0,0,0,0,0,0,1,1,0,0.0,0,1,1,0,Samo Music, ,"Crt Gerlec, PhD",2,
Countinghouse Fund, ,2018-04-03,2018-06-12,0,1987620,9149000,Normal,ETH,0,0,0,0,2,2,2,0,1,0,0,0,401,1,1,1,1,1205,577,329,189,0,1,1,1,0,0.0,0,0,1,0, , , ,8,
Cryde, ,2018-04-23,2018-06-26,0,0,0,Normal,ETHBTCLTCBCHZECXMRDASH,0,0,0,0,2,2,2,0,1,0,0,0,3404,1,1,1,1,2356,307,75,73,0,0,0,1,3,0.214,0,0,1,0, , ,Daniel Toth,4,
Cryptectum , ,2018-05-27,2018-06-17,0,0,0,Normal,ETH,0,0,0,0,2,2,2,0,1,0,0,0,116,1,1,1,1,1233,42,86,35,0,1,0,1,0,0.0,3,0,1,0,Eduard Salm, , ,4,
Crypto Cashback Rebate, ,2018-03-18,2018-06-18,1,45000002,9149000,Normal,ETHBTCLTCETCXRPBCH,0,0,0,0,2,2,2,0,1,0,0,0,86,1,1,1,1,158,1,26,25,1,0,0,1,1,0.0,0,1,1,0,Vladimir Kapal, , ,3,
Cryptoflix, ,2018-05-15,2018-06-15,0,0,0,Normal,ETH,0,0,0,0,2,2,2,0,1,0,0,0,799,1,1,1,1,4810,93,315,173,0,0,0,0,0,0.0,0,0,1,0,Christian Falkenberg Husum, , ,5,
Cryptonia Poker, ,2018-04-10,2018-07-01,0,6278501,16634711,Normal,ETHBTC,0,0,0,0,2,2,2,0,1,0,0,0,509,1,1,1,1,1182,17,154,153,0,0,1,1,0,0.0,15,1,1,0,Lakshay Anand, , ,2,
Dafzo, ,2018-03-29,2018-06-30,0,0,0,Normal,ETHBTCBCH,0,0,0,0,2,2,2,0,1,0,0,0,44,1,1,1,1,3499,1,86,68,0,1,0,0,0,0.0,0,1,1,0,Prateek Sharma, ,Deekshith Marla,10,
Dakuce, ,2018-05-01,2018-06-30,0,0,0,Normal,BTCETHLTCUSDT,0,0,0,0,2,2,2,0,1,0,0,0,492,1,1,1,1,25557,0,76,64,1,1,1,1,0,0.0,0,1,1,0, , , ,7,
DateCoin, ,2018-03-30,2018-05-30,0,5279430,12579875,Normal,BTCETH,0,0,0,0,2,2,2,0,1,0,0,0,1608,1,1,1,1,8832,56,382,189,1,1,1,1,0,0.0,17,1,1,0,Nikita Anufriev, , ,20,
DAV, ,2018-02-06,2018-06-25,0,11836061,24833130,Normal,ETH,0,0,0,0,2,2,2,0,1,0,0,0,41623,1,1,1,1,4370,66,688,179,0,1,1,1,18,0.101,0,0,1,0,Noam Copel, ,Tal Ater,14,
Dorado, ,2018-02-07,2018-05-16,0,26596143,34994925,Normal,BTCETHLTCUSD,0,0,0,0,2,2,2,0,1,0,0,0,12283,1,1,1,1,2369,241,109,97,0,1,1,0,0,0.0,0,0,1,0, , , ,4,
DUCATUR, ,2018-05-01,2018-06-30,0,914900,7181965,Normal,ETHNEOBTCEOS,0,0,0,0,2,2,2,0,1,0,0,0,604,1,1,1,1,17677,727,104,76,0,0,0,1,38,0.429,0,0,0,0,George Bell, ,Ivan Kocheshev,4,
Engagement Token, ,2018-01-15,2018-06-01,0,0,0,Normal,ETH,0,0,0,0,2,2,2,0,1,0,0,0,1906,1,1,1,1,479,75,84,82,0,1,0,0,0,0.0,0,0,1,0,Constantine Goltsev, ,Nick Urmach,18,
EQUI, ,2018-05-15,2018-06-30,1,7000000,7181965,Normal,BTCETHLTCXRP,0,0,0,0,2,2,2,0,1,0,0,0,1289,1,1,1,1,3206,149,586,200,0,0,1,0,0,0.0,0,1,1,0, ,Baroness Mone, ,6,
Fluence.ai, ,2018-04-15,2018-05-15,0,1097880,1829800,Normal,ETH,0,0,0,0,2,2,2,0,1,0,0,0,122,1,1,1,1,2116,120,267,101,0,1,0,1,9,0.043,0,0,1,0, , ,Dmitry Kurinskiy,12,
Flux, ,2018-04-17,2018-05-31,1,2900912,1829800,Normal,BNBBTCDASHETCETHEURKCSLTCUSDUSDTZEC,0,0,0,0,2,2,2,0,1,0,0,0,2503,1,1,1,1,3987,25,152,56,1,1,1,1,0,0.0,0,0,1,0,Alexandr Sushko, ,Dmitry Lut,5,
Globatalent, ,2018-04-16,2018-06-30,0,11088000,16925650,Normal,BTCETHUSD,0,0,0,0,2,2,2,0,1,0,0,0,944,1,1,1,1,9710,200,728,193,1,1,0,1,4,0.063,0,1,1,0,Sunil Bhardwaj, , ,30,
Invox Finance, ,2018-04-03,2018-07-01,0,1345360,9149000,Normal,ETH,0,0,0,0,2,2,2,0,1,0,0,0,1596,1,1,1,1,8410,387,298,179,1,1,1,1,0,0.0,1,1,1,0,Alex Mezhvinsky, , ,16,
Kakushin, ,2018-05-01,2018-06-30,0,1906531,45745000,Normal,ETHBTCBCHLTCDASH,0,0,0,0,2,2,2,0,1,0,0,0,1116,1,1,1,1,2887,10,120,75,1,1,1,0,0,0.0,0,1,1,0,Chandan Indoria, ,Sachin Bhargava,7,
Kinguin.io, ,2018-06-02,2018-06-24,0,0,0,Normal,BTCETHEURUSD,0,0,0,0,2,2,2,0,1,0,0,0,862,1,1,1,1,273094,899,11583,190,1,0,0,0,0,0.0,0,1,1,0, , ,Nashat Wanli,4,
Korona Coin, ,2018-04-23,2018-06-21,0,0,0,Normal,ETH,0,0,0,0,2,2,2,0,1,0,0,0,334,1,1,1,1,6404,96,109,51,1,1,1,0,0,0.0,0,1,1,0, , , ,9,
Marginless, ,2018-04-10,2018-05-31,0,2164195,9606450,Normal,BTCETHLTC,0,0,0,0,2,2,2,0,1,0,0,0,3875,1,1,1,1,13269,13,137,115,1,1,1,1,0,0.0,0,1,1,0,Lukas Jonaitis, , ,6,
Market.space, ,2018-04-16,2018-06-30,1,8736761,9606450,Normal,BCHBTCDASHLTCETCETHUSDUSDT,0,0,0,0,2,2,2,0,1,0,0,0,1000000,1,1,0,1,839,134,593,200,0,1,1,0,0,0.0,0,1,1,0,Alexander Rakhmanov, ,Eugene Parafiynyk,4,
MF Chain, ,2018-04-04,2018-06-25,0,10,9606450,Normal,BTCLTCNEOETH,0,0,0,0,2,2,2,0,1,0,0,0,261,1,1,1,1,19122,216,247,189,0,0,1,1,5,0.038,0,0,1,0, , , ,9,
Moentum, ,2018-02-21,2018-06-30,0,0,0,Normal,ETHUSD,0,0,0,0,2,2,2,0,1,0,0,0,37880,1,1,0,1,7,0,2,2,0,0,1,0,0,0.0,0,0,0,0,Sam Balabon, , ,1,
Neuromachine, ,2018-04-20,2018-06-15,0,2970000,9606450,Normal,ETHBTCLTCBCHBTGDASHETC,0,0,0,0,2,2,2,0,1,0,0,0,237,1,1,1,1,20858,22,45,34,0,1,0,1,0,0.0,0,0,1,0,Valentin Korsunsky, , ,6,
ORS Group, ,2018-01-01,2018-05-24,1,14200000,9606450,Normal,ETH,0,0,0,0,2,2,2,0,1,0,0,0,239,1,1,1,0,0,0,0,0,0,1,0,1,0,0.0,36,1,1,0, , , ,3,
RoBET, ,2018-02-01,2018-06-30,0,1601989,13723500,Normal,BTCETHUSD,0,0,0,0,2,2,2,0,1,0,0,0,139683,1,1,0,1,7,6,60,59,0,1,0,0,0,0.0,0,0,1,0,Edoardo Narduzzi, ,Alessandro Lentini,3,
RUSGAS, ,2018-04-17,2018-06-11,1,22066744,13723500,Normal,ETH,0,0,0,0,2,2,2,0,1,0,0,0,766,1,1,0,1,659,0,105,104,0,0,0,0,0,0.0,0,0,0,0, , , ,5,
Safeguard , ,2018-06-07,2018-06-20,0,0,0,Normal,NEO,0,0,0,0,2,2,2,0,1,0,0,0,646,1,1,1,1,5392,135,60,36,0,1,1,0,0,0.0,0,1,0,0,Ingmar Vroege, ,Gertjan Leemans,11,
SKYFchain, ,2018-05-01,2018-06-15,0,10,13723500,Normal,BTCETH,0,0,0,0,2,2,2,0,1,0,0,0,2659,1,1,1,1,4658,0,161,82,1,1,1,1,0,0.0,0,1,1,0,Alexander Timofeev, , ,10,
Smart Advertisement Transaction Token, ,2018-04-04,2018-07-01,0,0,0,Normal,BTCETHUSD,0,0,0,0,2,2,2,0,1,0,0,0,1945,1,1,1,1,450,90,59,59,0,1,0,1,0,0.0,3,0,1,0,Gauthier Bros, ,Stphanie Clement,6,
Swapy Network, ,2018-03-19,2018-05-18,0,10657104,13723500,Normal,ETH,0,0,0,0,2,2,2,0,1,0,0,0,438,1,1,1,1,5065,544,296,72,1,1,1,1,0,0.0,202,0,1,0,Edmilson Rodrigues, ,Tlio Braga,5,
Tradingene, ,2018-03-20,2018-06-23,0,0,0,Normal,BCHBTCETHLTCWAVES,0,0,0,0,2,2,2,0,1,0,0,0,776,1,1,1,1,7511,28,225,171,1,0,1,0,0,0.0,0,1,1,0,Daniel Wolfe, , ,13,
Uulala, ,2018-03-25,2018-06-30,0,0,0,Normal,BTCETHUSD,0,0,0,0,2,2,2,0,1,0,0,0,191,1,1,1,1,270,123,305,196,0,1,0,0,0,0.0,0,1,0,0,Oscar Garcia, ,Alan Alvardo,8,
WeevoCity, ,2018-03-26,2018-06-25,0,0,0,Normal,ETH,0,0,0,0,2,2,2,0,1,0,0,0,158,1,1,1,1,1237,4904,86,85,0,0,1,1,0,0.0,0,0,1,0, , , ,1,
